{
  "annotations": {
    "list": [
      {
        "builtIn": 1,
        "datasource": "PROMETHEUS",
        "enable": true,
        "hide": true,
        "iconColor": "rgba(0, 211, 255, 1)",
        "name": "Annotations & Alerts",
        "target": {
          "limit": 100,
          "matchAny": false,
          "tags": [],
          "type": "dashboard"
        },
        "type": "dashboard"
      }
    ]
  },
  "editable": true,
  "fiscalYearStartMonth": 0,
  "graphTooltip": 0,
  "links": [
    {
      "asDropdown": false,
      "icon": "external link",
      "includeVars": false,
      "keepTime": false,
      "tags": [],
      "targetBlank": false,
      "title": "New link",
      "tooltip": "",
      "type": "dashboards",
      "url": ""
    }
  ],
  "liveNow": false,
  "panels": [
    {
      "datasource": "PROMETHEUS",
      "fieldConfig": {
        "defaults": {
          "color": {
            "mode": "thresholds"
          },
          "mappings": [],
          "noValue": "0",
          "thresholds": {
            "mode": "absolute",
            "steps": [
              {
                "color": "text",
                "value": null
              },
              {
                "color": "text",
                "value": 1
              }
            ]
          }
        },
        "overrides": []
      },
      "gridPos": {
        "h": 5,
        "w": 4,
        "x": 0,
        "y": 0
      },
      "id": 11,
      "options": {
        "colorMode": "value",
        "graphMode": "area",
        "justifyMode": "auto",
        "orientation": "auto",
        "reduceOptions": {
          "calcs": [
            "lastNotNull"
          ],
          "fields": "",
          "values": false
        },
        "textMode": "auto"
      },
      "pluginVersion": "9.3.2",
      "targets": [
        {
          "datasource": "PROMETHEUS",
          "editorMode": "code",
          "expr": "count(ALERTS{alertstate=\"firing\",severity_num=\"100\"})\n",
          "legendFormat": "__auto",
          "range": true,
          "refId": "A"
        }
      ],
      "title": "Info",
      "type": "stat"
    },
    {
      "datasource": "PROMETHEUS",
      "fieldConfig": {
        "defaults": {
          "color": {
            "mode": "thresholds"
          },
          "mappings": [],
          "noValue": "0",
          "thresholds": {
            "mode": "absolute",
            "steps": [
              {
                "color": "green",
                "value": null
              },
              {
                "color": "yellow",
                "value": 1
              }
            ]
          }
        },
        "overrides": []
      },
      "gridPos": {
        "h": 5,
        "w": 4,
        "x": 4,
        "y": 0
      },
      "id": 12,
      "options": {
        "colorMode": "value",
        "graphMode": "area",
        "justifyMode": "auto",
        "orientation": "auto",
        "reduceOptions": {
          "calcs": [
            "lastNotNull"
          ],
          "fields": "",
          "values": false
        },
        "textMode": "auto"
      },
      "pluginVersion": "9.3.2",
      "targets": [
        {
          "datasource": "PROMETHEUS",
          "editorMode": "code",
          "expr": "count(ALERTS{alertstate=\"firing\",severity_num=\"200\"})\n",
          "legendFormat": "__auto",
          "range": true,
          "refId": "A"
        }
      ],
      "title": "Low Alert",
      "type": "stat"
    },
    {
      "datasource": "PROMETHEUS",
      "fieldConfig": {
        "defaults": {
          "color": {
            "mode": "thresholds"
          },
          "mappings": [],
          "noValue": "0",
          "thresholds": {
            "mode": "absolute",
            "steps": [
              {
                "color": "green",
                "value": null
              },
              {
                "color": "orange",
                "value": 1
              }
            ]
          }
        },
        "overrides": []
      },
      "gridPos": {
        "h": 5,
        "w": 4,
        "x": 8,
        "y": 0
      },
      "id": 13,
      "options": {
        "colorMode": "value",
        "graphMode": "area",
        "justifyMode": "auto",
        "orientation": "auto",
        "reduceOptions": {
          "calcs": [
            "lastNotNull"
          ],
          "fields": "",
          "values": false
        },
        "textMode": "auto"
      },
      "pluginVersion": "9.3.2",
      "targets": [
        {
          "datasource": "PROMETHEUS",
          "editorMode": "code",
          "expr": "count(ALERTS{alertstate=\"firing\",severity_num=\"300\"})\n",
          "legendFormat": "__auto",
          "range": true,
          "refId": "A"
        }
      ],
      "title": "Medium Alert",
      "type": "stat"
    },
    {
      "datasource": "PROMETHEUS",
      "fieldConfig": {
        "defaults": {
          "color": {
            "mode": "thresholds"
          },
          "mappings": [],
          "noValue": "0",
          "thresholds": {
            "mode": "absolute",
            "steps": [
              {
                "color": "green",
                "value": null
              },
              {
                "color": "red",
                "value": 1
              }
            ]
          }
        },
        "overrides": []
      },
      "gridPos": {
        "h": 5,
        "w": 4,
        "x": 12,
        "y": 0
      },
      "id": 10,
      "options": {
        "colorMode": "value",
        "graphMode": "area",
        "justifyMode": "auto",
        "orientation": "auto",
        "reduceOptions": {
          "calcs": [
            "last"
          ],
          "fields": "",
          "values": false
        },
        "textMode": "auto"
      },
      "pluginVersion": "9.3.2",
      "targets": [
        {
          "datasource": "PROMETHEUS",
          "editorMode": "code",
          "expr": "count(ALERTS{alertstate=\"firing\",severity_num=\"400\"})",
          "legendFormat": "__auto",
          "range": true,
          "refId": "A"
        }
      ],
      "title": "Critical",
      "type": "stat"
    },
    {
      "datasource": "PROMETHEUS",
      "fieldConfig": {
        "defaults": {
          "color": {
            "mode": "palette-classic"
          },
          "custom": {
            "hideFrom": {
              "legend": false,
              "tooltip": false,
              "viz": false
            }
          },
          "mappings": [
            {
              "options": {
                "critical": {
                  "color": "red",
                  "index": 0,
                  "text": "critical"
                }
              },
              "type": "value"
            }
          ],
          "noValue": "No Alerts"
        },
        "overrides": [
          {
            "matcher": {
              "id": "byName",
              "options": "critical"
            },
            "properties": [
              {
                "id": "color",
                "value": {
                  "mode": "palette-classic"
                }
              }
            ]
          }
        ]
      },
      "gridPos": {
        "h": 8,
        "w": 8,
        "x": 16,
        "y": 0
      },
      "id": 8,
      "options": {
        "legend": {
          "displayMode": "list",
          "placement": "right",
          "showLegend": true,
          "values": []
        },
        "pieType": "donut",
        "reduceOptions": {
          "calcs": [
            "lastNotNull"
          ],
          "fields": "",
          "values": false
        },
        "tooltip": {
          "mode": "single",
          "sort": "none"
        }
      },
      "targets": [
        {
          "datasource": "PROMETHEUS",
          "editorMode": "code",
          "expr": "count by (severity,severity_num) (ALERTS)",
          "legendFormat": "{{severity}}",
          "range": true,
          "refId": "A"
        }
      ],
      "title": "Distribution alert types",
      "type": "piechart"
    },
    {
      "datasource": "PROMETHEUS",
      "fieldConfig": {
        "defaults": {
          "color": {
            "mode": "thresholds"
          },
          "mappings": [],
          "min": 0,
          "thresholds": {
            "mode": "absolute",
            "steps": [
              {
                "color": "green",
                "value": null
              },
              {
                "color": "red",
                "value": 80
              }
            ]
          }
        },
        "overrides": []
      },
      "gridPos": {
        "h": 3,
        "w": 4,
        "x": 0,
        "y": 5
      },
      "id": 15,
      "options": {
        "colorMode": "value",
        "graphMode": "area",
        "justifyMode": "auto",
        "orientation": "auto",
        "reduceOptions": {
          "calcs": [
            "lastNotNull"
          ],
          "fields": "",
          "values": false
        },
        "textMode": "auto"
      },
      "pluginVersion": "9.3.2",
      "targets": [
        {
          "datasource": "PROMETHEUS",
          "editorMode": "code",
          "expr": "count(count by (clusterid) (pg_up))",
          "legendFormat": "__auto",
          "range": true,
          "refId": "A"
        }
      ],
      "title": "Monitored Cluster",
      "type": "stat"
    },
    {
      "datasource": "PROMETHEUS",
      "fieldConfig": {
        "defaults": {
          "color": {
            "mode": "thresholds"
          },
          "mappings": [],
          "min": 0,
          "thresholds": {
            "mode": "absolute",
            "steps": [
              {
                "color": "green",
                "value": null
              },
              {
                "color": "red",
                "value": 80
              }
            ]
          }
        },
        "overrides": []
      },
      "gridPos": {
        "h": 3,
        "w": 4,
        "x": 4,
        "y": 5
      },
      "id": 16,
      "options": {
        "colorMode": "value",
        "graphMode": "area",
        "justifyMode": "auto",
        "orientation": "auto",
        "reduceOptions": {
          "calcs": [
            "lastNotNull"
          ],
          "fields": "",
          "values": false
        },
        "textMode": "auto"
      },
      "pluginVersion": "9.3.2",
      "targets": [
        {
          "datasource": "PROMETHEUS",
          "editorMode": "code",
          "expr": "count(count by (pod) (pg_up))",
          "legendFormat": "__auto",
          "range": true,
          "refId": "A"
        }
      ],
      "title": "Monitored Pods",
      "type": "stat"
    },
    {
      "datasource": "PROMETHEUS",
      "gridPos": {
        "h": 11,
        "w": 24,
        "x": 0,
        "y": 8
      },
      "id": 4,
      "options": {
        "alertInstanceLabelFilter": "",
        "alertName": "",
        "dashboardAlerts": false,
        "groupBy": [],
        "groupMode": "default",
        "maxItems": 20,
        "sortOrder": 1,
        "stateFilter": {
          "error": true,
          "firing": true,
          "noData": false,
          "normal": false,
          "pending": false
        },
        "viewMode": "list"
      },
      "title": "Firing Alerts",
      "type": "alertlist"
    },
    {
      "datasource": "PROMETHEUS",
      "gridPos": {
        "h": 12,
        "w": 24,
        "x": 0,
        "y": 19
      },
      "id": 17,
      "options": {
        "alertInstanceLabelFilter": "",
        "alertName": "",
        "dashboardAlerts": false,
        "groupBy": [],
        "groupMode": "default",
        "maxItems": 20,
        "sortOrder": 1,
        "stateFilter": {
          "error": true,
          "firing": false,
          "noData": false,
          "normal": true,
          "pending": true
        },
        "viewMode": "list"
      },
      "title": "Pending Alerts",
      "type": "alertlist"
    }
  ],
  "refresh": "5s",
  "schemaVersion": 37,
  "style": "dark",
  "tags": [],
  "templating": {
    "list": []
  },
  "time": {
    "from": "now-30m",
    "to": "now"
  },
  "timepicker": {},
  "timezone": "",
  "title": "Alerting",
  "uid": "NXCbyITVz",
  "version": 2,
  "weekStart": ""
}