{
  "annotations": {
    "list": [
      {
        "builtIn": 1,
        "datasource": "PROMETHEUS",
        "enable": true,
        "hide": true,
        "iconColor": "rgba(0, 211, 255, 1)",
        "name": "Annotations & Alerts",
        "target": {
          "limit": 100,
          "matchAny": false,
          "tags": [],
          "type": "dashboard"
        },
        "type": "dashboard"
      }
    ]
  },
  "editable": true,
  "fiscalYearStartMonth": 0,
  "graphTooltip": 0,
  "id": 18,
  "links": [],
  "liveNow": false,
  "panels": [
    {
      "collapsed": false,
      "gridPos": {
        "h": 1,
        "w": 24,
        "x": 0,
        "y": 0
      },
      "id": 23,
      "panels": [],
      "repeat": "pod",
      "repeatDirection": "h",
      "title": "$pod",
      "type": "row"
    },
    {
      "aliasColors": {
        "Max: ccp_monitoring(postgres)": "red"
      },
      "bars": false,
      "dashLength": 10,
      "dashes": false,
      "datasource": "PROMETHEUS",
      "description": "",
      "fieldConfig": {
        "defaults": {
          "color": {
            "mode": "thresholds"
          },
          "mappings": [
            {
              "options": {
                "master": {
                  "index": 0,
                  "text": "Primary"
                }
              },
              "type": "value"
            }
          ],
          "thresholds": {
            "mode": "absolute",
            "steps": [
              {
                "color": "green",
                "value": null
              }
            ]
          }
        },
        "overrides": []
      },
      "fill": 1,
      "fillGradient": 0,
      "gridPos": {
        "h": 6,
        "w": 3,
        "x": 0,
        "y": 1
      },
      "hiddenSeries": false,
      "id": 21,
      "legend": {
        "alignAsTable": true,
        "avg": false,
        "current": false,
        "max": false,
        "min": false,
        "rightSide": true,
        "show": true,
        "sideWidth": 150,
        "total": false,
        "values": false
      },
      "lines": true,
      "linewidth": 1,
      "nullPointMode": "null",
      "options": {
        "colorMode": "value",
        "graphMode": "none",
        "justifyMode": "center",
        "orientation": "auto",
        "reduceOptions": {
          "calcs": [
            "lastNotNull"
          ],
          "fields": "",
          "values": false
        },
        "text": {},
        "textMode": "name"
      },
      "percentage": false,
      "pluginVersion": "9.3.2",
      "pointradius": 5,
      "points": false,
      "renderer": "flot",
      "seriesOverrides": [
        {
          "alias": "/Max:/",
          "color": "#FF9830"
        },
        {
          "alias": "/Avg:/",
          "color": "#5794F2"
        }
      ],
      "targets": [
        {
          "datasource": "PROMETHEUS",
          "editorMode": "code",
          "exemplar": false,
          "expr": "last_over_time(pg_up{clusterid=\"[[cluster]]\",pod=\"$pod\"}[15s] ) OR on() vector(0) ",
          "instant": true,
          "interval": "",
          "legendFormat": "{{role}}",
          "range": false,
          "refId": "A"
        }
      ],
      "title": "Pod-Role",
      "type": "stat"
    },
    {
      "datasource": "PROMETHEUS",
      "fieldConfig": {
        "defaults": {
          "color": {
            "mode": "thresholds"
          },
          "mappings": [
            {
              "options": {
                "0": {
                  "color": "red",
                  "index": 0,
                  "text": "Offline"
                },
                "1": {
                  "color": "green",
                  "index": 1,
                  "text": "Online"
                }
              },
              "type": "value"
            }
          ],
          "thresholds": {
            "mode": "absolute",
            "steps": [
              {
                "color": "green",
                "value": null
              }
            ]
          }
        },
        "overrides": []
      },
      "gridPos": {
        "h": 6,
        "w": 3,
        "x": 3,
        "y": 1
      },
      "id": 26,
      "options": {
        "colorMode": "value",
        "graphMode": "none",
        "justifyMode": "auto",
        "orientation": "auto",
        "reduceOptions": {
          "calcs": [
            "lastNotNull"
          ],
          "fields": "",
          "values": false
        },
        "textMode": "auto"
      },
      "pluginVersion": "9.3.2",
      "targets": [
        {
          "datasource": "PROMETHEUS",
          "editorMode": "code",
          "expr": "sum_over_time(pg_up{clusterid=\"[[cluster]]\",pod=\"$pod\"}[15s] ) OR on() vector(0) ",
          "hide": false,
          "legendFormat": "__auto",
          "range": true,
          "refId": "A"
        }
      ],
      "title": "State",
      "type": "stat"
    },
    {
      "datasource": "PROMETHEUS",
      "fieldConfig": {
        "defaults": {
          "color": {
            "mode": "thresholds"
          },
          "mappings": [],
          "max": 100,
          "thresholds": {
            "mode": "absolute",
            "steps": [
              {
                "color": "green",
                "value": null
              },
              {
                "color": "yellow",
                "value": 80
              },
              {
                "color": "orange",
                "value": 85
              },
              {
                "color": "dark-red",
                "value": 90
              }
            ]
          },
          "unit": "%"
        },
        "overrides": []
      },
      "gridPos": {
        "h": 6,
        "w": 3,
        "x": 6,
        "y": 1
      },
      "id": 28,
      "options": {
        "orientation": "auto",
        "reduceOptions": {
          "calcs": [
            "lastNotNull"
          ],
          "fields": "",
          "values": false
        },
        "showThresholdLabels": false,
        "showThresholdMarkers": true
      },
      "pluginVersion": "9.3.2",
      "targets": [
        {
          "datasource": "PROMETHEUS",
          "editorMode": "code",
          "expr": "sum(pg_stat_activity_count{clusterid=\"[[cluster]]\",pod=\"$pod\"})*100 /sum(pg_settings_max_connections{clusterid=\"[[cluster]]\",pod=\"$pod\"})",
          "legendFormat": "__auto",
          "range": true,
          "refId": "A"
        }
      ],
      "title": "Used Connections",
      "type": "gauge"
    },
    {
      "datasource": "PROMETHEUS",
      "description": "",
      "fieldConfig": {
        "defaults": {
          "color": {
            "mode": "thresholds"
          },
          "mappings": [],
          "max": 360,
          "min": 0,
          "noValue": "n.a.",
          "thresholds": {
            "mode": "absolute",
            "steps": [
              {
                "color": "red",
                "value": null
              },
              {
                "color": "orange",
                "value": 80
              },
              {
                "color": "yellow",
                "value": 85
              },
              {
                "color": "green",
                "value": 90
              }
            ]
          },
          "unit": "s"
        },
        "overrides": []
      },
      "gridPos": {
        "h": 6,
        "w": 3,
        "x": 9,
        "y": 1
      },
      "id": 30,
      "options": {
        "orientation": "auto",
        "reduceOptions": {
          "calcs": [
            "lastNotNull"
          ],
          "fields": "",
          "values": false
        },
        "showThresholdLabels": false,
        "showThresholdMarkers": true
      },
      "pluginVersion": "9.3.2",
      "targets": [
        {
          "datasource": "PROMETHEUS",
          "editorMode": "code",
          "exemplar": false,
          "expr": "max((time()-process_start_time_seconds{clusterid=\"[[cluster]]\",pod=\"$pod\"}))",
          "instant": true,
          "interval": "",
          "legendFormat": "{{pod}}",
          "range": false,
          "refId": "A"
        }
      ],
      "title": "Online time",
      "type": "gauge"
    },
    {
      "datasource": "PROMETHEUS",
      "fieldConfig": {
        "defaults": {
          "color": {
            "mode": "thresholds"
          },
          "mappings": [],
          "thresholds": {
            "mode": "absolute",
            "steps": [
              {
                "color": "green",
                "value": null
              },
              {
                "color": "yellow",
                "value": 67108864
              },
              {
                "color": "red",
                "value": 134217728
              }
            ]
          },
          "unit": "bytes"
        },
        "overrides": []
      },
      "gridPos": {
        "h": 2,
        "w": 6,
        "x": 12,
        "y": 1
      },
      "id": 32,
      "options": {
        "displayMode": "gradient",
        "minVizHeight": 10,
        "minVizWidth": 0,
        "orientation": "horizontal",
        "reduceOptions": {
          "calcs": [
            "lastNotNull"
          ],
          "fields": "",
          "values": false
        },
        "showUnfilled": true
      },
      "pluginVersion": "9.3.2",
      "targets": [
        {
          "datasource": "PROMETHEUS",
          "editorMode": "code",
          "expr": "pg_stat_replication_pg_wal_lsn_diff{clusterid=\"[[cluster]]\",application_name=\"$pod\"}",
          "interval": "",
          "legendFormat": "{{pod}}",
          "range": true,
          "refId": "A"
        }
      ],
      "title": "Replication Lag",
      "type": "bargauge"
    },
    {
      "datasource": "PROMETHEUS",
      "fieldConfig": {
        "defaults": {
          "color": {
            "mode": "thresholds"
          },
          "mappings": [],
          "max": 1,
          "min": 0,
          "thresholds": {
            "mode": "absolute",
            "steps": [
              {
                "color": "green",
                "value": null
              },
              {
                "color": "yellow",
                "value": 0.7
              },
              {
                "color": "#EAB839",
                "value": 0.8
              },
              {
                "color": "red",
                "value": 0.9
              }
            ]
          },
          "unit": "percentunit"
        },
        "overrides": []
      },
      "gridPos": {
        "h": 2,
        "w": 6,
        "x": 12,
        "y": 3
      },
      "id": 34,
      "links": [],
      "options": {
        "displayMode": "gradient",
        "minVizHeight": 10,
        "minVizWidth": 0,
        "orientation": "horizontal",
        "reduceOptions": {
          "calcs": [
            "lastNotNull"
          ],
          "fields": "",
          "values": false
        },
        "showUnfilled": true
      },
      "pluginVersion": "9.3.2",
      "targets": [
        {
          "datasource": "PROMETHEUS",
          "editorMode": "code",
          "expr": "avg((idelta(cpo_pgnodemx_cpuacct_usage{clusterid=\"[[cluster]]\",pod=\"$pod\"}[30s])/1000000000)/idelta(cpo_pgnodemx_cpuacct_usage_ts{clusterid=\"[[cluster]]\",pod=\"$pod\"}[30s])*100) without(instance,ip,role)/avg((cpo_pgnodemx_cpucfs_quota_us{clusterid=\"[[cluster]]\",pod=\"$pod\"}*100/cpo_pgnodemx_cpucfs_period_us{clusterid=\"[[cluster]]\",pod=\"$pod\"})) without (instance,ip,role)",
          "format": "time_series",
          "hide": false,
          "interval": "",
          "intervalFactor": 1,
          "legendFormat": "% Usage",
          "range": true,
          "refId": "A"
        },
        {
          "datasource": "PROMETHEUS",
          "editorMode": "code",
          "expr": "",
          "format": "time_series",
          "hide": false,
          "interval": "",
          "intervalFactor": 1,
          "legendFormat": "Limit",
          "range": true,
          "refId": "D"
        }
      ],
      "title": "CPU usage",
      "type": "bargauge"
    },
    {
      "datasource": "PROMETHEUS",
      "fieldConfig": {
        "defaults": {
          "color": {
            "mode": "thresholds"
          },
          "links": [],
          "mappings": [],
          "max": 1,
          "min": 0,
          "thresholds": {
            "mode": "absolute",
            "steps": [
              {
                "color": "green",
                "value": null
              },
              {
                "color": "yellow",
                "value": 0.7
              },
              {
                "color": "orange",
                "value": 0.8
              },
              {
                "color": "red",
                "value": 0.9
              }
            ]
          },
          "unit": "percentunit"
        },
        "overrides": []
      },
      "gridPos": {
        "h": 2,
        "w": 6,
        "x": 12,
        "y": 5
      },
      "id": 36,
      "links": [],
      "options": {
        "displayMode": "gradient",
        "minVizHeight": 10,
        "minVizWidth": 0,
        "orientation": "horizontal",
        "reduceOptions": {
          "calcs": [
            "lastNotNull"
          ],
          "fields": "",
          "values": false
        },
        "showUnfilled": true
      },
      "pluginVersion": "9.3.2",
      "targets": [
        {
          "datasource": "PROMETHEUS",
          "editorMode": "code",
          "expr": "avg(cpo_pgnodemx_mem_usage_in_bytes{clusterid=\"[[cluster]]\",pod=\"$pod\"})/(avg(cpo_pgnodemx_mem_limit{clusterid=\"[[cluster]]\",pod=\"$pod\"}))",
          "format": "time_series",
          "interval": "",
          "intervalFactor": 1,
          "legendFormat": "Usage",
          "range": true,
          "refId": "A"
        }
      ],
      "title": "Memory",
      "type": "bargauge"
    }
  ],
  "refresh": "5s",
  "schemaVersion": 37,
  "style": "dark",
  "tags": [],
  "templating": {
    "list": [
      {
        "current": {
          "selected": true,
          "text": "zalando:acid-cluster-1",
          "value": "zalando:acid-cluster-1"
        },
        "datasource": "PROMETHEUS",
        "definition": "label_values(clusterid)",
        "hide": 0,
        "includeAll": false,
        "label": "cluster",
        "multi": false,
        "name": "cluster",
        "options": [],
        "query": {
          "query": "label_values(clusterid)",
          "refId": "StandardVariableQuery"
        },
        "refresh": 1,
        "regex": "",
        "skipUrlSync": false,
        "sort": 0,
        "type": "query"
      },
      {
        "current": {
          "selected": false,
          "text": "All",
          "value": "$__all"
        },
        "datasource": "PROMETHEUS",
        "definition": "label_values({clusterid=\"[[cluster]]\"},pod)",
        "hide": 2,
        "includeAll": true,
        "label": "pod",
        "multi": false,
        "name": "pod",
        "options": [],
        "query": {
          "query": "label_values({clusterid=\"[[cluster]]\"},pod)",
          "refId": "StandardVariableQuery"
        },
        "refresh": 2,
        "regex": "",
        "skipUrlSync": false,
        "sort": 1,
        "type": "query"
      }
    ]
  },
  "time": {
    "from": "now-15s",
    "to": "now"
  },
  "timepicker": {},
  "timezone": "",
  "title": "Cluster-Members",
  "uid": "8C8cwJo4k",
  "version": 20,
  "weekStart": ""
}