{
    "annotations": {
      "list": [
        {
          "builtIn": 1,
          "datasource": "PROMETHEUS",
          "enable": true,
          "hide": true,
          "iconColor": "rgba(0, 211, 255, 1)",
          "name": "Annotations & Alerts",
          "target": {
            "limit": 100,
            "matchAny": false,
            "tags": [],
            "type": "dashboard"
          },
          "type": "dashboard"
        }
      ]
    },
    "editable": true,
    "fiscalYearStartMonth": 0,
    "graphTooltip": 0,
    "id": 8,
    "links": [],
    "liveNow": false,
    "panels": [
      {
        "collapsed": false,
        "gridPos": {
          "h": 1,
          "w": 24,
          "x": 0,
          "y": 0
        },
        "id": 6,
        "panels": [],
        "repeat": "cluster",
        "repeatDirection": "h",
        "title": "$cluster",
        "type": "row"
      },
      {
        "datasource": "PROMETHEUS",
        "fieldConfig": {
          "defaults": {
            "color": {
              "mode": "thresholds"
            },
            "mappings": [],
            "min": 0,
            "noValue": "0",
            "thresholds": {
              "mode": "absolute",
              "steps": [
                {
                  "color": "green",
                  "value": null
                },
                {
                  "color": "red",
                  "value": 80
                }
              ]
            }
          },
          "overrides": [
            {
              "matcher": {
                "id": "byName",
                "options": "Value #B"
              },
              "properties": [
                {
                  "id": "mappings",
                  "value": [
                    {
                      "options": {
                        "0": {
                          "color": "green",
                          "index": 0
                        }
                      },
                      "type": "value"
                    },
                    {
                      "options": {
                        "from": 1,
                        "result": {
                          "color": "red",
                          "index": 1
                        },
                        "to": 1000
                      },
                      "type": "range"
                    }
                  ]
                }
              ]
            },
            {
              "matcher": {
                "id": "byName",
                "options": "Value #A"
              },
              "properties": [
                {
                  "id": "mappings",
                  "value": [
                    {
                      "options": {
                        "0": {
                          "color": "red",
                          "index": 0
                        }
                      },
                      "type": "value"
                    },
                    {
                      "options": {
                        "from": 1,
                        "result": {
                          "color": "green",
                          "index": 1
                        },
                        "to": 100
                      },
                      "type": "range"
                    }
                  ]
                }
              ]
            }
          ]
        },
        "gridPos": {
          "h": 3,
          "w": 4,
          "x": 0,
          "y": 1
        },
        "id": 2,
        "options": {
          "colorMode": "background",
          "graphMode": "none",
          "justifyMode": "auto",
          "orientation": "horizontal",
          "reduceOptions": {
            "calcs": [
              "lastNotNull"
            ],
            "fields": "",
            "values": false
          },
          "textMode": "auto"
        },
        "pluginVersion": "9.3.2",
        "targets": [
          {
            "datasource": "PROMETHEUS",
            "editorMode": "code",
            "exemplar": false,
            "expr": "count(pg_up{clusterid=\"$cluster\"}==1) OR on() vector(0)",
            "format": "table",
            "instant": false,
            "interval": "15s",
            "legendFormat": "pods_up",
            "range": true,
            "refId": "A"
          },
          {
            "datasource": "PROMETHEUS",
            "editorMode": "code",
            "expr": "count(pg_up{clusterid=\"$cluster\"}==0) OR on() vector(0)",
            "format": "table",
            "hide": false,
            "interval": "15s",
            "legendFormat": "pods_down",
            "range": true,
            "refId": "B"
          }
        ],
        "transformations": [
          {
            "id": "joinByField",
            "options": {
              "byField": "Time",
              "mode": "outer"
            }
          },
          {
            "id": "organize",
            "options": {
              "excludeByName": {
                "Time": true
              },
              "indexByName": {},
              "renameByName": {
                "Value #A": "Pod running",
                "Value #B": "Pod down"
              }
            }
          }
        ],
        "type": "stat"
      },
      {
        "datasource": "PROMETHEUS",
        "fieldConfig": {
          "defaults": {
            "color": {
              "mode": "thresholds"
            },
            "displayName": "Cluster-Typ:",
            "mappings": [
              {
                "options": {
                  "1": {
                    "color": "yellow",
                    "index": 0,
                    "text": "Single-Cluster"
                  }
                },
                "type": "value"
              },
              {
                "options": {
                  "from": 1,
                  "result": {
                    "color": "green",
                    "index": 1,
                    "text": "HA-Cluster"
                  },
                  "to": 100
                },
                "type": "range"
              }
            ],
            "min": 0,
            "noValue": "0",
            "thresholds": {
              "mode": "absolute",
              "steps": [
                {
                  "color": "green",
                  "value": null
                },
                {
                  "color": "red",
                  "value": 80
                }
              ]
            }
          },
          "overrides": []
        },
        "gridPos": {
          "h": 3,
          "w": 4,
          "x": 4,
          "y": 1
        },
        "id": 7,
        "options": {
          "colorMode": "background",
          "graphMode": "none",
          "justifyMode": "auto",
          "orientation": "horizontal",
          "reduceOptions": {
            "calcs": [
              "lastNotNull"
            ],
            "fields": "",
            "values": false
          },
          "textMode": "auto"
        },
        "pluginVersion": "9.3.2",
        "targets": [
          {
            "datasource": "PROMETHEUS",
            "editorMode": "code",
            "exemplar": false,
            "expr": "count(pg_up{clusterid=\"$cluster\"}==1) OR on() vector(0) + count(pg_up{clusterid=\"$cluster\"}==0) OR on() vector(0)",
            "format": "table",
            "instant": false,
            "interval": "15s",
            "legendFormat": "__auto",
            "range": true,
            "refId": "A"
          }
        ],
        "transformations": [
          {
            "id": "joinByField",
            "options": {
              "byField": "Time",
              "mode": "outer"
            }
          },
          {
            "id": "organize",
            "options": {
              "excludeByName": {
                "Time": true
              },
              "indexByName": {},
              "renameByName": {
                "Value #A": "Pod running",
                "Value #B": "Pod down"
              }
            }
          }
        ],
        "type": "stat"
      },
      {
        "datasource": "PROMETHEUS",
        "description": "",
        "fieldConfig": {
          "defaults": {
            "color": {
              "mode": "thresholds"
            },
            "mappings": [
              {
                "options": {
                  "0": {
                    "color": "green",
                    "index": 0,
                    "text": "No active Alerts"
                  }
                },
                "type": "value"
              },
              {
                "options": {
                  "from": 1,
                  "result": {
                    "color": "red",
                    "index": 1,
                    "text": "There are active Alerts"
                  },
                  "to": 10000
                },
                "type": "range"
              }
            ],
            "noValue": "No active Alerts",
            "thresholds": {
              "mode": "absolute",
              "steps": [
                {
                  "color": "green",
                  "value": null
                },
                {
                  "color": "red",
                  "value": 80
                }
              ]
            }
          },
          "overrides": []
        },
        "gridPos": {
          "h": 3,
          "w": 11,
          "x": 13,
          "y": 1
        },
        "id": 4,
        "options": {
          "colorMode": "value",
          "graphMode": "none",
          "justifyMode": "auto",
          "orientation": "auto",
          "reduceOptions": {
            "calcs": [
              "lastNotNull"
            ],
            "fields": "",
            "values": false
          },
          "textMode": "auto"
        },
        "pluginVersion": "9.3.2",
        "targets": [
          {
            "datasource": "PROMETHEUS",
            "editorMode": "code",
            "expr": "Count(ALERTS{clusterid=\"$cluster\",alertstate='firing'})",
            "legendFormat": "__auto",
            "range": true,
            "refId": "A"
          }
        ],
        "title": "Alerts",
        "type": "stat"
      }
    ],
    "refresh": "5s",
    "schemaVersion": 37,
    "style": "dark",
    "tags": [],
    "templating": {
      "list": [
        {
          "current": {
            "selected": false,
            "text": "All",
            "value": "$__all"
          },
          "datasource": "PROMETHEUS",
          "definition": "label_values(clusterid)",
          "hide": 2,
          "includeAll": true,
          "label": "cluster",
          "multi": false,
          "name": "cluster",
          "options": [],
          "query": {
            "query": "label_values(clusterid)",
            "refId": "StandardVariableQuery"
          },
          "refresh": 2,
          "regex": "",
          "skipUrlSync": false,
          "sort": 1,
          "type": "query"
        }
      ]
    },
    "time": {
      "from": "now-15m",
      "to": "now"
    },
    "timepicker": {},
    "timezone": "",
    "title": "Cluster-Board",
    "uid": "55fmxC04z",
    "version": 11,
    "weekStart": ""
  }