{
  "annotations": {
    "list": [
      {
        "builtIn": 1,
        "datasource": "PROMETHEUS",
        "enable": true,
        "hide": true,
        "iconColor": "rgba(0, 211, 255, 1)",
        "name": "Annotations & Alerts",
        "target": {
          "limit": 100,
          "matchAny": false,
          "tags": [],
          "type": "dashboard"
        },
        "type": "dashboard"
      }
    ]
  },
  "editable": true,
  "fiscalYearStartMonth": 0,
  "graphTooltip": 0,
  "id": 15,
  "links": [],
  "liveNow": true,
  "panels": [
    {
      "datasource": "PROMETHEUS",
      "description": "",
      "fieldConfig": {
        "defaults": {
          "color": {
            "mode": "thresholds"
          },
          "mappings": [
            {
              "options": {
                "0": {
                  "color": "green",
                  "index": 0,
                  "text": "No active Alerts"
                }
              },
              "type": "value"
            },
            {
              "options": {
                "from": 1,
                "result": {
                  "color": "red",
                  "index": 1,
                  "text": "There are active Alerts"
                },
                "to": 10000
              },
              "type": "range"
            }
          ],
          "noValue": "No active Alerts",
          "thresholds": {
            "mode": "absolute",
            "steps": [
              {
                "color": "green",
                "value": null
              },
              {
                "color": "red",
                "value": 80
              }
            ]
          }
        },
        "overrides": []
      },
      "gridPos": {
        "h": 3,
        "w": 24,
        "x": 0,
        "y": 0
      },
      "id": 25,
      "options": {
        "colorMode": "value",
        "graphMode": "none",
        "justifyMode": "auto",
        "orientation": "auto",
        "reduceOptions": {
          "calcs": [
            "lastNotNull"
          ],
          "fields": "",
          "values": false
        },
        "textMode": "auto"
      },
      "pluginVersion": "9.3.2",
      "targets": [
        {
          "datasource": "PROMETHEUS",
          "editorMode": "code",
          "expr": "Count(ALERTS{clusterid=\"[[cluster]]\",alertstate='firing'})",
          "legendFormat": "__auto",
          "range": true,
          "refId": "A"
        }
      ],
      "title": "Alerts",
      "type": "stat"
    },
    {
      "datasource": "PROMETHEUS",
      "fieldConfig": {
        "defaults": {
          "color": {
            "mode": "thresholds"
          },
          "mappings": [
            {
              "options": {
                "1": {
                  "color": "yellow",
                  "index": 0,
                  "text": "Single-Cluster"
                }
              },
              "type": "value"
            },
            {
              "options": {
                "from": 2,
                "result": {
                  "index": 1,
                  "text": "HA-Cluster"
                },
                "to": 100
              },
              "type": "range"
            }
          ],
          "thresholds": {
            "mode": "absolute",
            "steps": [
              {
                "color": "green",
                "value": null
              }
            ]
          }
        },
        "overrides": []
      },
      "gridPos": {
        "h": 5,
        "w": 3,
        "x": 0,
        "y": 3
      },
      "id": 21,
      "options": {
        "colorMode": "value",
        "graphMode": "none",
        "justifyMode": "auto",
        "orientation": "auto",
        "reduceOptions": {
          "calcs": [
            "lastNotNull"
          ],
          "fields": "",
          "values": false
        },
        "textMode": "auto"
      },
      "pluginVersion": "9.3.2",
      "targets": [
        {
          "datasource": "PROMETHEUS",
          "editorMode": "code",
          "expr": "sum(pg_settings_hot_standby{clusterid=\"[[cluster]]\"})",
          "legendFormat": "__auto",
          "range": true,
          "refId": "A"
        }
      ],
      "title": "Cluster-Type",
      "type": "stat"
    },
    {
      "aliasColors": {
        "Max: ccp_monitoring(postgres)": "red"
      },
      "bars": false,
      "dashLength": 10,
      "dashes": false,
      "datasource": "PROMETHEUS",
      "description": "",
      "fieldConfig": {
        "defaults": {
          "color": {
            "mode": "thresholds"
          },
          "mappings": [],
          "thresholds": {
            "mode": "absolute",
            "steps": [
              {
                "color": "red",
                "value": null
              },
              {
                "color": "yellow",
                "value": 120000
              },
              {
                "color": "green",
                "value": 120013
              },
              {
                "color": "yellow",
                "value": 130000
              },
              {
                "color": "green",
                "value": 130009
              },
              {
                "color": "yellow",
                "value": 140000
              },
              {
                "color": "green",
                "value": 140005
              },
              {
                "color": "#EAB839",
                "value": 150000
              },
              {
                "color": "green",
                "value": 150001
              }
            ]
          }
        },
        "overrides": []
      },
      "fill": 1,
      "fillGradient": 0,
      "gridPos": {
        "h": 5,
        "w": 3,
        "x": 3,
        "y": 3
      },
      "hiddenSeries": false,
      "id": 2,
      "legend": {
        "alignAsTable": true,
        "avg": false,
        "current": false,
        "max": false,
        "min": false,
        "rightSide": true,
        "show": true,
        "sideWidth": 150,
        "total": false,
        "values": false
      },
      "lines": true,
      "linewidth": 1,
      "nullPointMode": "null",
      "options": {
        "colorMode": "value",
        "graphMode": "none",
        "justifyMode": "center",
        "orientation": "auto",
        "reduceOptions": {
          "calcs": [
            "lastNotNull"
          ],
          "fields": "",
          "values": false
        },
        "text": {},
        "textMode": "auto"
      },
      "percentage": false,
      "pluginVersion": "9.3.2",
      "pointradius": 5,
      "points": false,
      "renderer": "flot",
      "seriesOverrides": [
        {
          "alias": "/Max:/",
          "color": "#FF9830"
        },
        {
          "alias": "/Avg:/",
          "color": "#5794F2"
        }
      ],
      "targets": [
        {
          "datasource": "PROMETHEUS",
          "editorMode": "code",
          "expr": "max(pg_settings_server_version_num{clusterid=\"[[cluster]]\",role=\"master\"})",
          "interval": "",
          "legendFormat": "",
          "range": true,
          "refId": "A"
        }
      ],
      "title": "Version",
      "type": "stat"
    },
    {
      "datasource": "PROMETHEUS",
      "fieldConfig": {
        "defaults": {
          "color": {
            "mode": "thresholds"
          },
          "mappings": [],
          "max": 100,
          "thresholds": {
            "mode": "absolute",
            "steps": [
              {
                "color": "green",
                "value": null
              },
              {
                "color": "yellow",
                "value": 80
              },
              {
                "color": "orange",
                "value": 85
              },
              {
                "color": "dark-red",
                "value": 90
              }
            ]
          },
          "unit": "%"
        },
        "overrides": []
      },
      "gridPos": {
        "h": 5,
        "w": 3,
        "x": 6,
        "y": 3
      },
      "id": 11,
      "options": {
        "orientation": "auto",
        "reduceOptions": {
          "calcs": [
            "lastNotNull"
          ],
          "fields": "",
          "values": false
        },
        "showThresholdLabels": false,
        "showThresholdMarkers": true
      },
      "pluginVersion": "9.3.2",
      "targets": [
        {
          "datasource": "PROMETHEUS",
          "editorMode": "code",
          "expr": "sum(pg_stat_activity_count{clusterid=\"[[cluster]]\",role=\"master\",state=\"active\"})*100 /sum(pg_settings_max_connections{clusterid=\"[[cluster]]\",role=\"master\"})",
          "legendFormat": "__auto",
          "range": true,
          "refId": "A"
        }
      ],
      "title": "Used Connections",
      "type": "gauge"
    },
    {
      "datasource": "PROMETHEUS",
      "fieldConfig": {
        "defaults": {
          "color": {
            "mode": "thresholds"
          },
          "mappings": [],
          "max": 100,
          "min": 0,
          "thresholds": {
            "mode": "percentage",
            "steps": [
              {
                "color": "red",
                "value": null
              },
              {
                "color": "#EAB839",
                "value": 85
              },
              {
                "color": "yellow",
                "value": 90
              },
              {
                "color": "green",
                "value": 97
              }
            ]
          },
          "unit": "percent"
        },
        "overrides": []
      },
      "gridPos": {
        "h": 5,
        "w": 3,
        "x": 9,
        "y": 3
      },
      "id": 13,
      "options": {
        "orientation": "auto",
        "reduceOptions": {
          "calcs": [
            "lastNotNull"
          ],
          "fields": "",
          "values": false
        },
        "showThresholdLabels": false,
        "showThresholdMarkers": true
      },
      "pluginVersion": "9.3.2",
      "targets": [
        {
          "datasource": "PROMETHEUS",
          "editorMode": "code",
          "expr": "sum(pg_stat_database_blks_hit{clusterid=\"[[cluster]]\",role=\"master\"})*100/sum(pg_stat_database_blks_hit{clusterid=\"[[cluster]]\",role=\"master\"}+pg_stat_database_blks_read{clusterid=\"[[cluster]]\",role=\"master\"})",
          "legendFormat": "__auto",
          "range": true,
          "refId": "A"
        }
      ],
      "title": "Cache-Hit-Ratio",
      "type": "gauge"
    },
    {
      "datasource": "PROMETHEUS",
      "fieldConfig": {
        "defaults": {
          "color": {
            "mode": "thresholds"
          },
          "mappings": [],
          "max": 100,
          "min": 0,
          "thresholds": {
            "mode": "absolute",
            "steps": [
              {
                "color": "green",
                "value": null
              },
              {
                "color": "green",
                "value": 0
              },
              {
                "color": "yellow",
                "value": 1
              },
              {
                "color": "red",
                "value": 5
              }
            ]
          }
        },
        "overrides": []
      },
      "gridPos": {
        "h": 5,
        "w": 3,
        "x": 12,
        "y": 3
      },
      "id": 15,
      "options": {
        "orientation": "auto",
        "reduceOptions": {
          "calcs": [
            "lastNotNull"
          ],
          "fields": "",
          "values": false
        },
        "showThresholdLabels": false,
        "showThresholdMarkers": true
      },
      "pluginVersion": "9.3.2",
      "targets": [
        {
          "datasource": "PROMETHEUS",
          "editorMode": "code",
          "expr": "sum(pg_stat_activity_count{clusterid=\"[[cluster]]\",role=\"master\",state=\"idle in transaction\"})",
          "legendFormat": "__auto",
          "range": true,
          "refId": "A"
        }
      ],
      "title": "Idle in Transactions",
      "type": "gauge"
    },
    {
      "aliasColors": {},
      "bars": false,
      "dashLength": 10,
      "dashes": false,
      "datasource": "PROMETHEUS",
      "fill": 1,
      "fillGradient": 0,
      "gridPos": {
        "h": 11,
        "w": 12,
        "x": 0,
        "y": 8
      },
      "hiddenSeries": false,
      "id": 7,
      "legend": {
        "alignAsTable": true,
        "avg": false,
        "current": false,
        "max": false,
        "min": false,
        "rightSide": true,
        "show": true,
        "total": false,
        "values": false
      },
      "lines": true,
      "linewidth": 1,
      "nullPointMode": "null",
      "options": {
        "alertThreshold": true
      },
      "percentage": false,
      "pluginVersion": "9.3.2",
      "pointradius": 5,
      "points": false,
      "renderer": "flot",
      "seriesOverrides": [],
      "spaceLength": 10,
      "stack": false,
      "steppedLine": false,
      "targets": [
        {
          "datasource": "PROMETHEUS",
          "editorMode": "code",
          "expr": "sum(pg_database_size_bytes{clusterid=\"[[cluster]]\",role=\"master\"})/(1024*1024)",
          "format": "time_series",
          "hide": false,
          "intervalFactor": 2,
          "legendFormat": "Total : [[pod]]",
          "range": true,
          "refId": "B"
        },
        {
          "datasource": "PROMETHEUS",
          "editorMode": "code",
          "expr": "pg_database_size_bytes{clusterid=\"[[cluster]]\",role=\"master\"}/(1024*1024)",
          "format": "time_series",
          "intervalFactor": 2,
          "legendFormat": "{{datname}} -  ({{pod}})",
          "range": true,
          "refId": "A"
        }
      ],
      "thresholds": [],
      "timeRegions": [],
      "title": "database size",
      "tooltip": {
        "shared": true,
        "sort": 2,
        "value_type": "individual"
      },
      "type": "graph",
      "xaxis": {
        "mode": "time",
        "show": true,
        "values": []
      },
      "yaxes": [
        {
          "format": "decmbytes",
          "logBase": 2,
          "show": true
        },
        {
          "format": "short",
          "logBase": 1,
          "show": false
        }
      ],
      "yaxis": {
        "align": false
      }
    },
    {
      "datasource": "PROMETHEUS",
      "fieldConfig": {
        "defaults": {
          "color": {
            "mode": "palette-classic"
          },
          "custom": {
            "axisCenteredZero": false,
            "axisColorMode": "text",
            "axisLabel": "",
            "axisPlacement": "auto",
            "barAlignment": 0,
            "drawStyle": "line",
            "fillOpacity": 0,
            "gradientMode": "none",
            "hideFrom": {
              "legend": false,
              "tooltip": false,
              "viz": false
            },
            "lineInterpolation": "linear",
            "lineWidth": 1,
            "pointSize": 5,
            "scaleDistribution": {
              "type": "linear"
            },
            "showPoints": "auto",
            "spanNulls": false,
            "stacking": {
              "group": "A",
              "mode": "none"
            },
            "thresholdsStyle": {
              "mode": "off"
            }
          },
          "mappings": [],
          "thresholds": {
            "mode": "absolute",
            "steps": [
              {
                "color": "green",
                "value": null
              },
              {
                "color": "red",
                "value": 80
              }
            ]
          }
        },
        "overrides": []
      },
      "gridPos": {
        "h": 11,
        "w": 12,
        "x": 12,
        "y": 8
      },
      "id": 9,
      "options": {
        "legend": {
          "calcs": [],
          "displayMode": "list",
          "placement": "bottom",
          "showLegend": true
        },
        "tooltip": {
          "mode": "multi",
          "sort": "none"
        }
      },
      "targets": [
        {
          "datasource": "PROMETHEUS",
          "editorMode": "code",
          "expr": "sum by (mode) (pg_locks_count{clusterid=\"[[cluster]]\",role=\"master\",mode=\"accessexclusivelock\"})",
          "legendFormat": "__auto",
          "range": true,
          "refId": "A"
        },
        {
          "datasource": "PROMETHEUS",
          "editorMode": "code",
          "expr": "sum by (mode) (pg_locks_count{clusterid=\"[[cluster]]\",role=\"master\",mode=\"exclusivelock\"})",
          "hide": false,
          "legendFormat": "__auto",
          "range": true,
          "refId": "B"
        },
        {
          "datasource": "PROMETHEUS",
          "editorMode": "code",
          "expr": "sum by (mode) (pg_locks_count{clusterid=\"[[cluster]]\",role=\"master\",mode=\"rowexclusivelock\"})",
          "hide": false,
          "legendFormat": "__auto",
          "range": true,
          "refId": "C"
        },
        {
          "datasource": "PROMETHEUS",
          "editorMode": "code",
          "expr": "sum by (mode) (pg_locks_count{clusterid=\"[[cluster]]\",role=\"master\",mode=\"sharerowexclusivelock\"})",
          "hide": false,
          "legendFormat": "__auto",
          "range": true,
          "refId": "D"
        },
        {
          "datasource": "PROMETHEUS",
          "editorMode": "code",
          "expr": "sum by (mode) (pg_locks_count{clusterid=\"[[cluster]]\",role=\"master\",mode=\"shareupdateexclusivelock\"})",
          "hide": false,
          "legendFormat": "__auto",
          "range": true,
          "refId": "E"
        },
        {
          "datasource": "PROMETHEUS",
          "editorMode": "code",
          "expr": "sum by (mode) (pg_locks_count{clusterid=\"[[cluster]]\",role=\"master\",mode=\"accesssharelock\"})",
          "hide": false,
          "legendFormat": "__auto",
          "range": true,
          "refId": "F"
        }
      ],
      "title": "Locks - [[pod]]",
      "type": "timeseries"
    },
    {
      "datasource": "PROMETHEUS",
      "fieldConfig": {
        "defaults": {
          "color": {
            "mode": "palette-classic"
          },
          "custom": {
            "axisCenteredZero": false,
            "axisColorMode": "text",
            "axisLabel": "",
            "axisPlacement": "auto",
            "barAlignment": 0,
            "drawStyle": "line",
            "fillOpacity": 0,
            "gradientMode": "none",
            "hideFrom": {
              "legend": false,
              "tooltip": false,
              "viz": false
            },
            "lineInterpolation": "linear",
            "lineWidth": 1,
            "pointSize": 5,
            "scaleDistribution": {
              "type": "linear"
            },
            "showPoints": "auto",
            "spanNulls": false,
            "stacking": {
              "group": "A",
              "mode": "none"
            },
            "thresholdsStyle": {
              "mode": "off"
            }
          },
          "mappings": [],
          "thresholds": {
            "mode": "absolute",
            "steps": [
              {
                "color": "green",
                "value": null
              },
              {
                "color": "red",
                "value": 80
              }
            ]
          }
        },
        "overrides": [
          {
            "matcher": {
              "id": "byName",
              "options": "Max Connections"
            },
            "properties": [
              {
                "id": "color",
                "value": {
                  "fixedColor": "super-light-blue",
                  "mode": "fixed"
                }
              }
            ]
          },
          {
            "matcher": {
              "id": "byName",
              "options": "Connection Active"
            },
            "properties": [
              {
                "id": "color",
                "value": {
                  "fixedColor": "green",
                  "mode": "fixed"
                }
              }
            ]
          },
          {
            "matcher": {
              "id": "byName",
              "options": "Connection Idle"
            },
            "properties": [
              {
                "id": "color",
                "value": {
                  "fixedColor": "orange",
                  "mode": "fixed"
                }
              }
            ]
          },
          {
            "matcher": {
              "id": "byName",
              "options": "Connection Idle in Transaction"
            },
            "properties": [
              {
                "id": "color",
                "value": {
                  "fixedColor": "semi-dark-red",
                  "mode": "fixed"
                }
              }
            ]
          }
        ]
      },
      "gridPos": {
        "h": 8,
        "w": 12,
        "x": 0,
        "y": 19
      },
      "id": 27,
      "options": {
        "legend": {
          "calcs": [],
          "displayMode": "table",
          "placement": "right",
          "showLegend": true
        },
        "tooltip": {
          "mode": "multi",
          "sort": "none"
        }
      },
      "targets": [
        {
          "datasource": "PROMETHEUS",
          "editorMode": "code",
          "expr": "sum(pg_settings_max_connections{clusterid=\"[[cluster]]\",role=\"master\"})",
          "legendFormat": "Max Connections",
          "range": true,
          "refId": "A"
        },
        {
          "datasource": "PROMETHEUS",
          "editorMode": "code",
          "expr": "sum(pg_stat_activity_count{clusterid=\"[[cluster]]\",role=\"master\",state=\"active\"})",
          "hide": false,
          "legendFormat": "Connection Active",
          "range": true,
          "refId": "B"
        },
        {
          "datasource": "PROMETHEUS",
          "editorMode": "code",
          "expr": "count(cpo_pg_connections_backend_start{clusterid=\"[[cluster]]\",role=\"master\",state=\"idle\"})",
          "hide": false,
          "legendFormat": "Connection Idle",
          "range": true,
          "refId": "D"
        },
        {
          "datasource": "PROMETHEUS",
          "editorMode": "code",
          "expr": "count(cpo_pg_connections_backend_start{clusterid=\"[[cluster]]\",role=\"master\",state=\"idle in transaction\"})",
          "hide": false,
          "legendFormat": "Connection Idle in Transaction",
          "range": true,
          "refId": "E"
        },
        {
          "datasource": "PROMETHEUS",
          "editorMode": "code",
          "expr": "count(cpo_pg_connections_backend_start{clusterid=\"[[cluster]]\",role=\"master\",state=\"idle in transaction (aborted)\"})",
          "hide": false,
          "legendFormat": "Connection Idle in Transaction (aborted)",
          "range": true,
          "refId": "F"
        },
        {
          "datasource": "PROMETHEUS",
          "editorMode": "code",
          "expr": "count(cpo_pg_connections_backend_start{clusterid=\"[[cluster]]\",role=\"master\",state=\"fastpath function call\"})",
          "hide": false,
          "legendFormat": "Connection fastpath",
          "range": true,
          "refId": "G"
        }
      ],
      "title": "Connections",
      "type": "timeseries"
    },
    {
      "datasource": "PROMETHEUS",
      "fieldConfig": {
        "defaults": {
          "color": {
            "mode": "palette-classic"
          },
          "custom": {
            "axisCenteredZero": false,
            "axisColorMode": "text",
            "axisLabel": "",
            "axisPlacement": "auto",
            "barAlignment": 0,
            "drawStyle": "line",
            "fillOpacity": 0,
            "gradientMode": "none",
            "hideFrom": {
              "legend": false,
              "tooltip": false,
              "viz": false
            },
            "lineInterpolation": "linear",
            "lineWidth": 1,
            "pointSize": 5,
            "scaleDistribution": {
              "type": "linear"
            },
            "showPoints": "auto",
            "spanNulls": false,
            "stacking": {
              "group": "A",
              "mode": "none"
            },
            "thresholdsStyle": {
              "mode": "off"
            }
          },
          "mappings": [],
          "thresholds": {
            "mode": "absolute",
            "steps": [
              {
                "color": "green",
                "value": null
              },
              {
                "color": "yellow",
                "value": 536870912
              },
              {
                "color": "#EAB839",
                "value": 805306368
              },
              {
                "color": "red",
                "value": 1073741824
              }
            ]
          },
          "unit": "bytes"
        },
        "overrides": []
      },
      "gridPos": {
        "h": 8,
        "w": 12,
        "x": 12,
        "y": 19
      },
      "id": 23,
      "options": {
        "legend": {
          "calcs": [],
          "displayMode": "table",
          "placement": "right",
          "showLegend": true,
          "width": 150
        },
        "tooltip": {
          "mode": "multi",
          "sort": "none"
        }
      },
      "targets": [
        {
          "datasource": "PROMETHEUS",
          "editorMode": "code",
          "expr": "pg_stat_replication_pg_wal_lsn_diff{clusterid=\"[[cluster]]\"}",
          "interval": "",
          "legendFormat": "{{pod}}",
          "range": true,
          "refId": "A"
        }
      ],
      "title": "Replication Lag",
      "type": "timeseries"
    }
  ],
  "refresh": "5s",
  "schemaVersion": 37,
  "style": "dark",
  "tags": [],
  "templating": {
    "list": [
      {
        "current": {
          "selected": false,
          "text": "zalando:acid-cluster-1",
          "value": "zalando:acid-cluster-1"
        },
        "datasource": "PROMETHEUS",
        "definition": "label_values(clusterid)",
        "hide": 0,
        "includeAll": false,
        "label": "cluster",
        "multi": false,
        "name": "cluster",
        "options": [],
        "query": {
          "query": "label_values(clusterid)",
          "refId": "StandardVariableQuery"
        },
        "refresh": 1,
        "regex": "",
        "skipUrlSync": false,
        "sort": 1,
        "tagValuesQuery": "",
        "tagsQuery": "",
        "type": "query",
        "useTags": false
      },
      {
        "current": {
          "selected": false,
          "text": "All",
          "value": "$__all"
        },
        "datasource": "PROMETHEUS",
        "definition": "label_values({clusterid=\"[[cluster]]\"},pod)",
        "hide": 0,
        "includeAll": true,
        "label": "pod",
        "multi": false,
        "name": "pod",
        "options": [],
        "query": {
          "query": "label_values({clusterid=\"[[cluster]]\"},pod)",
          "refId": "StandardVariableQuery"
        },
        "refresh": 1,
        "regex": "",
        "skipUrlSync": false,
        "sort": 1,
        "tagValuesQuery": "",
        "tagsQuery": "",
        "type": "query",
        "useTags": false
      }
    ]
  },
  "time": {
    "from": "now-30m",
    "to": "now"
  },
  "timepicker": {},
  "timezone": "",
  "title": "Cluster-Overview",
  "uid": "uONgBx24z",
  "version": 2,
  "weekStart": "monday"
}