{
    "annotations": {
      "list": [
        {
          "builtIn": 1,
          "datasource": "PROMETHEUS",
          "enable": true,
          "hide": true,
          "iconColor": "rgba(0, 211, 255, 1)",
          "name": "Annotations & Alerts",
          "target": {
            "limit": 100,
            "matchAny": false,
            "tags": [],
            "type": "dashboard"
          },
          "type": "dashboard"
        }
      ]
    },
    "editable": true,
    "fiscalYearStartMonth": 0,
    "graphTooltip": 0,
    "id": 11,
    "links": [],
    "liveNow": false,
    "panels": [
      {
        "datasource": "PROMETHEUS",
        "fieldConfig": {
          "defaults": {
            "color": {
              "mode": "thresholds"
            },
            "mappings": [],
            "thresholds": {
              "mode": "absolute",
              "steps": [
                {
                  "color": "green",
                  "value": null
                },
                {
                  "color": "red",
                  "value": 80
                }
              ]
            }
          },
          "overrides": []
        },
        "gridPos": {
          "h": 1,
          "w": 24,
          "x": 0,
          "y": 0
        },
        "id": 12,
        "options": {
          "colorMode": "value",
          "graphMode": "area",
          "justifyMode": "auto",
          "orientation": "auto",
          "reduceOptions": {
            "calcs": [
              "lastNotNull"
            ],
            "fields": "",
            "values": false
          },
          "textMode": "auto"
        },
        "pluginVersion": "9.3.2",
        "title": "Short Overview",
        "type": "stat"
      },
      {
        "datasource": "PROMETHEUS",
        "fieldConfig": {
          "defaults": {
            "color": {
              "mode": "thresholds"
            },
            "mappings": [],
            "noValue": "n.a.",
            "thresholds": {
              "mode": "absolute",
              "steps": [
                {
                  "color": "green",
                  "value": null
                }
              ]
            },
            "unit": "none"
          },
          "overrides": []
        },
        "gridPos": {
          "h": 4,
          "w": 3,
          "x": 0,
          "y": 1
        },
        "id": 2,
        "options": {
          "colorMode": "none",
          "graphMode": "none",
          "justifyMode": "auto",
          "orientation": "auto",
          "reduceOptions": {
            "calcs": [
              "last"
            ],
            "fields": "",
            "values": false
          },
          "textMode": "value"
        },
        "pluginVersion": "9.3.2",
        "targets": [
          {
            "datasource": "PROMETHEUS",
            "editorMode": "code",
            "exemplar": false,
            "expr": "pg_settings_max_connections{clusterid=\"[[cluster]]\",role=\"master\"}",
            "instant": false,
            "interval": "",
            "legendFormat": "__auto",
            "range": true,
            "refId": "A"
          }
        ],
        "title": "Max-Connections",
        "type": "stat"
      },
      {
        "datasource": "PROMETHEUS",
        "description": "",
        "fieldConfig": {
          "defaults": {
            "color": {
              "mode": "thresholds"
            },
            "mappings": [],
            "noValue": "n.a.",
            "thresholds": {
              "mode": "absolute",
              "steps": [
                {
                  "color": "green",
                  "value": null
                }
              ]
            },
            "unit": "bytes"
          },
          "overrides": []
        },
        "gridPos": {
          "h": 4,
          "w": 3,
          "x": 3,
          "y": 1
        },
        "id": 3,
        "options": {
          "colorMode": "none",
          "graphMode": "none",
          "justifyMode": "auto",
          "orientation": "auto",
          "reduceOptions": {
            "calcs": [
              "last"
            ],
            "fields": "",
            "values": false
          },
          "textMode": "value"
        },
        "pluginVersion": "9.3.2",
        "targets": [
          {
            "datasource": "PROMETHEUS",
            "editorMode": "code",
            "exemplar": false,
            "expr": "pg_settings_shared_buffers_bytes{clusterid=\"[[cluster]]\",role=\"master\"}",
            "instant": false,
            "interval": "",
            "legendFormat": "__auto",
            "range": true,
            "refId": "A"
          }
        ],
        "title": "Shared-Buffer",
        "type": "stat"
      },
      {
        "datasource": "PROMETHEUS",
        "fieldConfig": {
          "defaults": {
            "color": {
              "mode": "thresholds"
            },
            "mappings": [],
            "noValue": "n.a.",
            "thresholds": {
              "mode": "absolute",
              "steps": [
                {
                  "color": "green",
                  "value": null
                }
              ]
            },
            "unit": "bytes"
          },
          "overrides": []
        },
        "gridPos": {
          "h": 4,
          "w": 3,
          "x": 6,
          "y": 1
        },
        "id": 4,
        "options": {
          "colorMode": "none",
          "graphMode": "none",
          "justifyMode": "auto",
          "orientation": "auto",
          "reduceOptions": {
            "calcs": [
              "last"
            ],
            "fields": "",
            "values": false
          },
          "textMode": "value"
        },
        "pluginVersion": "9.3.2",
        "targets": [
          {
            "datasource": "PROMETHEUS",
            "editorMode": "code",
            "exemplar": false,
            "expr": "pg_settings_work_mem_bytes{clusterid=\"[[cluster]]\",role=\"master\"}",
            "instant": false,
            "interval": "",
            "legendFormat": "__auto",
            "range": true,
            "refId": "A"
          }
        ],
        "title": "Work-Mem",
        "type": "stat"
      },
      {
        "datasource": "PROMETHEUS",
        "fieldConfig": {
          "defaults": {
            "color": {
              "mode": "thresholds"
            },
            "mappings": [],
            "thresholds": {
              "mode": "absolute",
              "steps": [
                {
                  "color": "green",
                  "value": null
                },
                {
                  "color": "red",
                  "value": 80
                }
              ]
            }
          },
          "overrides": []
        },
        "gridPos": {
          "h": 1,
          "w": 24,
          "x": 0,
          "y": 5
        },
        "id": 13,
        "options": {
          "colorMode": "value",
          "graphMode": "area",
          "justifyMode": "auto",
          "orientation": "auto",
          "reduceOptions": {
            "calcs": [
              "lastNotNull"
            ],
            "fields": "",
            "values": false
          },
          "textMode": "auto"
        },
        "pluginVersion": "9.3.2",
        "title": "Workers and Senders",
        "type": "stat"
      },
      {
        "datasource": "PROMETHEUS",
        "fieldConfig": {
          "defaults": {
            "color": {
              "mode": "thresholds"
            },
            "mappings": [],
            "noValue": "n.a.",
            "thresholds": {
              "mode": "absolute",
              "steps": [
                {
                  "color": "green",
                  "value": null
                }
              ]
            },
            "unit": "none"
          },
          "overrides": []
        },
        "gridPos": {
          "h": 4,
          "w": 3,
          "x": 0,
          "y": 6
        },
        "id": 6,
        "options": {
          "colorMode": "none",
          "graphMode": "none",
          "justifyMode": "auto",
          "orientation": "auto",
          "reduceOptions": {
            "calcs": [
              "last"
            ],
            "fields": "",
            "values": false
          },
          "textMode": "value"
        },
        "pluginVersion": "9.3.2",
        "targets": [
          {
            "datasource": "PROMETHEUS",
            "editorMode": "code",
            "exemplar": false,
            "expr": "pg_settings_max_parallel_workers{clusterid=\"[[cluster]]\",role=\"master\"}",
            "instant": false,
            "interval": "",
            "legendFormat": "__auto",
            "range": true,
            "refId": "A"
          }
        ],
        "title": "Max Parallel Workers",
        "type": "stat"
      },
      {
        "datasource": "PROMETHEUS",
        "fieldConfig": {
          "defaults": {
            "color": {
              "mode": "thresholds"
            },
            "mappings": [],
            "noValue": "n.a.",
            "thresholds": {
              "mode": "absolute",
              "steps": [
                {
                  "color": "green",
                  "value": null
                }
              ]
            },
            "unit": "none"
          },
          "overrides": []
        },
        "gridPos": {
          "h": 4,
          "w": 3,
          "x": 3,
          "y": 6
        },
        "id": 7,
        "options": {
          "colorMode": "none",
          "graphMode": "none",
          "justifyMode": "auto",
          "orientation": "auto",
          "reduceOptions": {
            "calcs": [
              "last"
            ],
            "fields": "",
            "values": false
          },
          "textMode": "value"
        },
        "pluginVersion": "9.3.2",
        "targets": [
          {
            "datasource": "PROMETHEUS",
            "editorMode": "code",
            "exemplar": false,
            "expr": "pg_settings_max_parallel_workers_per_gather{clusterid=\"[[cluster]]\",role=\"master\"}",
            "instant": false,
            "interval": "",
            "legendFormat": "__auto",
            "range": true,
            "refId": "A"
          }
        ],
        "title": "Max Parallel Workers per Gather",
        "type": "stat"
      },
      {
        "datasource": "PROMETHEUS",
        "fieldConfig": {
          "defaults": {
            "color": {
              "mode": "thresholds"
            },
            "mappings": [],
            "noValue": "n.a.",
            "thresholds": {
              "mode": "absolute",
              "steps": [
                {
                  "color": "green",
                  "value": null
                }
              ]
            },
            "unit": "none"
          },
          "overrides": []
        },
        "gridPos": {
          "h": 4,
          "w": 3,
          "x": 6,
          "y": 6
        },
        "id": 5,
        "options": {
          "colorMode": "none",
          "graphMode": "none",
          "justifyMode": "auto",
          "orientation": "auto",
          "reduceOptions": {
            "calcs": [
              "last"
            ],
            "fields": "",
            "values": false
          },
          "textMode": "value"
        },
        "pluginVersion": "9.3.2",
        "targets": [
          {
            "datasource": "PROMETHEUS",
            "editorMode": "code",
            "exemplar": false,
            "expr": "pg_settings_max_parallel_maintenance_workers{clusterid=\"[[cluster]]\",role=\"master\"}",
            "instant": false,
            "interval": "",
            "legendFormat": "__auto",
            "range": true,
            "refId": "A"
          }
        ],
        "title": "Max Parallel Maintenance Workers",
        "type": "stat"
      },
      {
        "datasource": "PROMETHEUS",
        "description": "",
        "fieldConfig": {
          "defaults": {
            "color": {
              "mode": "thresholds"
            },
            "mappings": [],
            "noValue": "n.a.",
            "thresholds": {
              "mode": "absolute",
              "steps": [
                {
                  "color": "green",
                  "value": null
                }
              ]
            },
            "unit": "none"
          },
          "overrides": []
        },
        "gridPos": {
          "h": 4,
          "w": 3,
          "x": 9,
          "y": 6
        },
        "id": 8,
        "options": {
          "colorMode": "none",
          "graphMode": "none",
          "justifyMode": "auto",
          "orientation": "auto",
          "reduceOptions": {
            "calcs": [
              "last"
            ],
            "fields": "",
            "values": false
          },
          "textMode": "value"
        },
        "pluginVersion": "9.3.2",
        "targets": [
          {
            "datasource": "PROMETHEUS",
            "editorMode": "code",
            "exemplar": false,
            "expr": "pg_settings_max_wal_senders{clusterid=\"[[cluster]]\",role=\"master\"}",
            "instant": false,
            "interval": "",
            "legendFormat": "__auto",
            "range": true,
            "refId": "A"
          }
        ],
        "title": "Max Wal Senders",
        "type": "stat"
      },
      {
        "datasource": "PROMETHEUS",
        "fieldConfig": {
          "defaults": {
            "color": {
              "mode": "thresholds"
            },
            "mappings": [],
            "thresholds": {
              "mode": "absolute",
              "steps": [
                {
                  "color": "green",
                  "value": null
                },
                {
                  "color": "red",
                  "value": 80
                }
              ]
            }
          },
          "overrides": []
        },
        "gridPos": {
          "h": 1,
          "w": 24,
          "x": 0,
          "y": 10
        },
        "id": 14,
        "options": {
          "colorMode": "value",
          "graphMode": "area",
          "justifyMode": "auto",
          "orientation": "auto",
          "reduceOptions": {
            "calcs": [
              "lastNotNull"
            ],
            "fields": "",
            "values": false
          },
          "textMode": "auto"
        },
        "pluginVersion": "9.3.2",
        "title": "Autovacuum",
        "type": "stat"
      },
      {
        "datasource": "PROMETHEUS",
        "fieldConfig": {
          "defaults": {
            "color": {
              "mode": "thresholds"
            },
            "mappings": [],
            "noValue": "n.a.",
            "thresholds": {
              "mode": "absolute",
              "steps": [
                {
                  "color": "green",
                  "value": null
                }
              ]
            },
            "unit": "none"
          },
          "overrides": []
        },
        "gridPos": {
          "h": 4,
          "w": 3,
          "x": 0,
          "y": 11
        },
        "id": 10,
        "options": {
          "colorMode": "none",
          "graphMode": "none",
          "justifyMode": "auto",
          "orientation": "auto",
          "reduceOptions": {
            "calcs": [
              "last"
            ],
            "fields": "",
            "values": false
          },
          "textMode": "value"
        },
        "pluginVersion": "9.3.2",
        "targets": [
          {
            "datasource": "PROMETHEUS",
            "editorMode": "code",
            "exemplar": false,
            "expr": "pg_settings_autovacuum_max_workers{clusterid=\"[[cluster]]\",role=\"master\"}",
            "instant": false,
            "interval": "",
            "legendFormat": "__auto",
            "range": true,
            "refId": "A"
          }
        ],
        "title": "Global Autovaccum Max Workers",
        "type": "stat"
      },
      {
        "datasource": "PROMETHEUS",
        "fieldConfig": {
          "defaults": {
            "color": {
              "mode": "thresholds"
            },
            "mappings": [],
            "noValue": "n.a.",
            "thresholds": {
              "mode": "absolute",
              "steps": [
                {
                  "color": "green",
                  "value": null
                }
              ]
            },
            "unit": "none"
          },
          "overrides": []
        },
        "gridPos": {
          "h": 4,
          "w": 3,
          "x": 3,
          "y": 11
        },
        "id": 9,
        "options": {
          "colorMode": "none",
          "graphMode": "none",
          "justifyMode": "auto",
          "orientation": "auto",
          "reduceOptions": {
            "calcs": [
              "last"
            ],
            "fields": "",
            "values": false
          },
          "textMode": "value"
        },
        "pluginVersion": "9.3.2",
        "targets": [
          {
            "datasource": "PROMETHEUS",
            "editorMode": "code",
            "exemplar": false,
            "expr": "pg_settings_autovacuum_analyze_scale_factor{clusterid=\"[[cluster]]\",role=\"master\"}",
            "instant": false,
            "interval": "",
            "legendFormat": "__auto",
            "range": true,
            "refId": "A"
          }
        ],
        "title": "Global Autovaccum Analyze Scale Factor",
        "type": "stat"
      },
      {
        "datasource": "PROMETHEUS",
        "fieldConfig": {
          "defaults": {
            "color": {
              "mode": "thresholds"
            },
            "mappings": [],
            "noValue": "n.a.",
            "thresholds": {
              "mode": "absolute",
              "steps": [
                {
                  "color": "green",
                  "value": null
                }
              ]
            },
            "unit": "none"
          },
          "overrides": []
        },
        "gridPos": {
          "h": 4,
          "w": 3,
          "x": 6,
          "y": 11
        },
        "id": 15,
        "options": {
          "colorMode": "none",
          "graphMode": "none",
          "justifyMode": "auto",
          "orientation": "auto",
          "reduceOptions": {
            "calcs": [
              "last"
            ],
            "fields": "",
            "values": false
          },
          "textMode": "value"
        },
        "pluginVersion": "9.3.2",
        "targets": [
          {
            "datasource": "PROMETHEUS",
            "editorMode": "code",
            "exemplar": false,
            "expr": "pg_settings_autovacuum_analyze_threshold{clusterid=\"[[cluster]]\",role=\"master\"}",
            "instant": false,
            "interval": "",
            "legendFormat": "__auto",
            "range": true,
            "refId": "A"
          }
        ],
        "title": "Global Auitovaccum Analyze Threshold",
        "type": "stat"
      }
    ],
    "schemaVersion": 37,
    "style": "dark",
    "tags": [],
    "templating": {
      "list": [
        {
          "datasource": "PROMETHEUS",
          "definition": "label_values(clusterid)",
          "hide": 0,
          "includeAll": false,
          "label": "cluster",
          "multi": false,
          "name": "cluster",
          "options": [],
          "query": {
            "query": "label_values(clusterid)",
            "refId": "StandardVariableQuery"
          },
          "refresh": 1,
          "regex": "",
          "skipUrlSync": false,
          "sort": 1,
          "type": "query"
        }
      ]
    },
    "time": {
      "from": "now-30m",
      "to": "now"
    },
    "timepicker": {},
    "timezone": "",
    "title": "Parameters",
    "uid": "87qjH-24z",
    "version": 9,
    "weekStart": ""
  }