{
  "annotations": {
    "list": [
      {
        "builtIn": 1,
        "datasource": "PROMETHEUS",
        "enable": true,
        "hide": true,
        "iconColor": "rgba(0, 211, 255, 1)",
        "name": "Annotations & Alerts",
        "target": {
          "limit": 100,
          "matchAny": false,
          "tags": [],
          "type": "dashboard"
        },
        "type": "dashboard"
      }
    ]
  },
  "description": "",
  "editable": true,
  "fiscalYearStartMonth": 0,
  "graphTooltip": 0,
  "id": 8,
  "links": [],
  "liveNow": false,
  "panels": [
    {
      "aliasColors": {
        "Max: ccp_monitoring(postgres)": "red"
      },
      "bars": false,
      "dashLength": 10,
      "dashes": false,
      "datasource": "PROMETHEUS",
      "description": "",
      "fieldConfig": {
        "defaults": {
          "color": {
            "mode": "thresholds"
          },
          "mappings": [
            {
              "options": {
                "master": {
                  "index": 0,
                  "text": "Primary"
                }
              },
              "type": "value"
            }
          ],
          "thresholds": {
            "mode": "absolute",
            "steps": [
              {
                "color": "green",
                "value": null
              }
            ]
          }
        },
        "overrides": []
      },
      "fill": 1,
      "fillGradient": 0,
      "gridPos": {
        "h": 5,
        "w": 3,
        "x": 0,
        "y": 0
      },
      "hiddenSeries": false,
      "id": 14,
      "legend": {
        "alignAsTable": true,
        "avg": false,
        "current": false,
        "max": false,
        "min": false,
        "rightSide": true,
        "show": true,
        "sideWidth": 150,
        "total": false,
        "values": false
      },
      "lines": true,
      "linewidth": 1,
      "nullPointMode": "null",
      "options": {
        "colorMode": "value",
        "graphMode": "none",
        "justifyMode": "center",
        "orientation": "auto",
        "reduceOptions": {
          "calcs": [
            "lastNotNull"
          ],
          "fields": "",
          "values": false
        },
        "text": {},
        "textMode": "name"
      },
      "percentage": false,
      "pluginVersion": "9.3.2",
      "pointradius": 5,
      "points": false,
      "renderer": "flot",
      "seriesOverrides": [
        {
          "alias": "/Max:/",
          "color": "#FF9830"
        },
        {
          "alias": "/Avg:/",
          "color": "#5794F2"
        }
      ],
      "targets": [
        {
          "datasource": "PROMETHEUS",
          "editorMode": "code",
          "exemplar": false,
          "expr": "pg_up{clusterid=\"[[cluster]]\",pod=~\"[[pod]]\"}",
          "instant": true,
          "interval": "",
          "legendFormat": "{{role}}",
          "range": false,
          "refId": "A"
        }
      ],
      "title": "Pod-Role",
      "type": "stat"
    },
    {
      "datasource": "PROMETHEUS",
      "description": "",
      "fieldConfig": {
        "defaults": {
          "color": {
            "mode": "thresholds"
          },
          "mappings": [],
          "max": 360,
          "min": 0,
          "noValue": "n.a.",
          "thresholds": {
            "mode": "absolute",
            "steps": [
              {
                "color": "red",
                "value": null
              },
              {
                "color": "orange",
                "value": 80
              },
              {
                "color": "yellow",
                "value": 85
              },
              {
                "color": "green",
                "value": 90
              }
            ]
          },
          "unit": "s"
        },
        "overrides": []
      },
      "gridPos": {
        "h": 5,
        "w": 3,
        "x": 3,
        "y": 0
      },
      "id": 15,
      "options": {
        "orientation": "auto",
        "reduceOptions": {
          "calcs": [
            "lastNotNull"
          ],
          "fields": "",
          "values": false
        },
        "showThresholdLabels": false,
        "showThresholdMarkers": true
      },
      "pluginVersion": "9.3.2",
      "targets": [
        {
          "datasource": "PROMETHEUS",
          "editorMode": "code",
          "exemplar": false,
          "expr": "max((time()-process_start_time_seconds{clusterid=\"[[cluster]]\",pod=~\"[[pod]]\"}))",
          "instant": true,
          "interval": "",
          "legendFormat": "{{pod}}",
          "range": false,
          "refId": "A"
        }
      ],
      "title": "Online time",
      "type": "gauge"
    },
    {
      "datasource": "PROMETHEUS",
      "fieldConfig": {
        "defaults": {
          "color": {
            "mode": "thresholds"
          },
          "mappings": [],
          "max": 1,
          "min": 0,
          "thresholds": {
            "mode": "absolute",
            "steps": [
              {
                "color": "green",
                "value": null
              },
              {
                "color": "yellow",
                "value": 0.7
              },
              {
                "color": "#EAB839",
                "value": 0.8
              },
              {
                "color": "#6ED0E0",
                "value": 10.9
              }
            ]
          },
          "unit": "percentunit"
        },
        "overrides": []
      },
      "gridPos": {
        "h": 5,
        "w": 3,
        "x": 6,
        "y": 0
      },
      "id": 17,
      "links": [],
      "options": {
        "orientation": "auto",
        "reduceOptions": {
          "calcs": [
            "lastNotNull"
          ],
          "fields": "",
          "values": false
        },
        "showThresholdLabels": false,
        "showThresholdMarkers": true
      },
      "pluginVersion": "9.3.2",
      "targets": [
        {
          "datasource": "PROMETHEUS",
          "editorMode": "code",
          "expr": "avg((idelta(cpo_pgnodemx_cpuacct_usage{clusterid=\"[[cluster]]\",pod=\"[[pod]]\"}[30s])/1000000000)/idelta(cpo_pgnodemx_cpuacct_usage_ts{clusterid=\"[[cluster]]\",pod=\"[[pod]]\"}[30s])*100) without(instance,ip,role)/avg((cpo_pgnodemx_cpucfs_quota_us{clusterid=\"[[cluster]]\",pod=\"[[pod]]\"}*100/cpo_pgnodemx_cpucfs_period_us{clusterid=\"[[cluster]]\",pod=\"[[pod]]\"})) without (instance,ip,role)",
          "format": "time_series",
          "hide": false,
          "interval": "",
          "intervalFactor": 1,
          "legendFormat": "% Usage",
          "range": true,
          "refId": "A"
        },
        {
          "datasource": "PROMETHEUS",
          "editorMode": "code",
          "expr": "",
          "format": "time_series",
          "hide": false,
          "interval": "",
          "intervalFactor": 1,
          "legendFormat": "Limit",
          "range": true,
          "refId": "D"
        }
      ],
      "title": "CPU usage",
      "type": "gauge"
    },
    {
      "datasource": "PROMETHEUS",
      "fieldConfig": {
        "defaults": {
          "color": {
            "mode": "thresholds"
          },
          "links": [],
          "mappings": [],
          "max": 1,
          "min": 0,
          "thresholds": {
            "mode": "absolute",
            "steps": [
              {
                "color": "green",
                "value": null
              },
              {
                "color": "yellow",
                "value": 0.7
              },
              {
                "color": "orange",
                "value": 0.8
              },
              {
                "color": "red",
                "value": 0.9
              }
            ]
          },
          "unit": "percentunit"
        },
        "overrides": []
      },
      "gridPos": {
        "h": 5,
        "w": 3,
        "x": 9,
        "y": 0
      },
      "id": 18,
      "links": [],
      "options": {
        "orientation": "auto",
        "reduceOptions": {
          "calcs": [
            "lastNotNull"
          ],
          "fields": "",
          "values": false
        },
        "showThresholdLabels": false,
        "showThresholdMarkers": true
      },
      "pluginVersion": "9.3.2",
      "targets": [
        {
          "datasource": "PROMETHEUS",
          "editorMode": "code",
          "expr": "avg(cpo_pgnodemx_mem_usage_in_bytes{clusterid=\"[[cluster]]\",pod=\"[[pod]]\"})/(avg(cpo_pgnodemx_mem_limit{clusterid=\"[[cluster]]\",pod=\"[[pod]]\"}))",
          "format": "time_series",
          "interval": "",
          "intervalFactor": 1,
          "legendFormat": "Usage",
          "range": true,
          "refId": "A"
        }
      ],
      "title": "Memory",
      "type": "gauge"
    },
    {
      "datasource": "PROMETHEUS",
      "fieldConfig": {
        "defaults": {
          "color": {
            "mode": "thresholds"
          },
          "mappings": [],
          "max": 1,
          "min": 0,
          "thresholds": {
            "mode": "absolute",
            "steps": [
              {
                "color": "green",
                "value": null
              },
              {
                "color": "yellow",
                "value": 0.7
              },
              {
                "color": "#EAB839",
                "value": 0.8
              },
              {
                "color": "red",
                "value": 0.9
              }
            ]
          },
          "unit": "percentunit"
        },
        "overrides": []
      },
      "gridPos": {
        "h": 5,
        "w": 3,
        "x": 12,
        "y": 0
      },
      "id": 16,
      "options": {
        "orientation": "auto",
        "reduceOptions": {
          "calcs": [
            "lastNotNull"
          ],
          "fields": "",
          "values": false
        },
        "showThresholdLabels": false,
        "showThresholdMarkers": true
      },
      "pluginVersion": "9.3.2",
      "targets": [
        {
          "datasource": "PROMETHEUS",
          "editorMode": "code",
          "expr": "avg((cpo_pgnodemx_data_disk_total_bytes{clusterid=\"[[cluster]]\",pod=~\"[[pod]]\"}-cpo_pgnodemx_data_disk_available_bytes{clusterid=\"[[cluster]]\",pod=~\"[[pod]]\"})/cpo_pgnodemx_data_disk_total_bytes{clusterid=\"[[cluster]]\",pod=~\"[[pod]]\"}) without (instance,ip,role)",
          "hide": false,
          "legendFormat": "__auto",
          "range": true,
          "refId": "B"
        }
      ],
      "title": "Storage-Usage",
      "type": "gauge"
    },
    {
      "datasource": "PROMETHEUS",
      "fieldConfig": {
        "defaults": {
          "color": {
            "mode": "palette-classic"
          },
          "custom": {
            "axisCenteredZero": false,
            "axisColorMode": "text",
            "axisLabel": "vCPU",
            "axisPlacement": "auto",
            "barAlignment": 0,
            "drawStyle": "line",
            "fillOpacity": 0,
            "gradientMode": "none",
            "hideFrom": {
              "legend": false,
              "tooltip": false,
              "viz": false
            },
            "lineInterpolation": "linear",
            "lineWidth": 1,
            "pointSize": 5,
            "scaleDistribution": {
              "type": "linear"
            },
            "showPoints": "never",
            "spanNulls": false,
            "stacking": {
              "group": "A",
              "mode": "none"
            },
            "thresholdsStyle": {
              "mode": "off"
            }
          },
          "mappings": [],
          "min": 0,
          "thresholds": {
            "mode": "absolute",
            "steps": [
              {
                "color": "green",
                "value": null
              },
              {
                "color": "red",
                "value": 80
              }
            ]
          },
          "unit": "short"
        },
        "overrides": [
          {
            "matcher": {
              "id": "byName",
              "options": "% Throttled"
            },
            "properties": [
              {
                "id": "color",
                "value": {
                  "fixedColor": "yellow",
                  "mode": "fixed"
                }
              }
            ]
          },
          {
            "matcher": {
              "id": "byName",
              "options": "% Used"
            },
            "properties": [
              {
                "id": "color",
                "value": {
                  "fixedColor": "blue",
                  "mode": "fixed"
                }
              }
            ]
          },
          {
            "matcher": {
              "id": "byName",
              "options": "Limit"
            },
            "properties": [
              {
                "id": "color",
                "value": {
                  "fixedColor": "red",
                  "mode": "fixed"
                }
              }
            ]
          },
          {
            "matcher": {
              "id": "byName",
              "options": "Process count"
            },
            "properties": [
              {
                "id": "color",
                "value": {
                  "fixedColor": "blue",
                  "mode": "fixed"
                }
              }
            ]
          },
          {
            "matcher": {
              "id": "byName",
              "options": "Limit"
            },
            "properties": [
              {
                "id": "custom.lineStyle",
                "value": {
                  "dash": [
                    10,
                    10
                  ],
                  "fill": "dash"
                }
              }
            ]
          }
        ]
      },
      "gridPos": {
        "h": 8,
        "w": 12,
        "x": 0,
        "y": 5
      },
      "id": 10,
      "links": [],
      "options": {
        "legend": {
          "calcs": [],
          "displayMode": "list",
          "placement": "bottom",
          "showLegend": true
        },
        "tooltip": {
          "mode": "multi",
          "sort": "none"
        }
      },
      "pluginVersion": "9.3.2",
      "targets": [
        {
          "datasource": "PROMETHEUS",
          "editorMode": "code",
          "expr": "avg((idelta(cpo_pgnodemx_cpuacct_usage{clusterid=\"[[cluster]]\",pod=\"[[pod]]\"}[30s])/1000000000)/idelta(cpo_pgnodemx_cpuacct_usage_ts{clusterid=\"[[cluster]]\",pod=\"[[pod]]\"}[30s])*100) without(instance,ip,role)/100",
          "format": "time_series",
          "hide": false,
          "interval": "",
          "intervalFactor": 1,
          "legendFormat": "% Usage",
          "range": true,
          "refId": "A"
        },
        {
          "datasource": "PROMETHEUS",
          "editorMode": "code",
          "expr": "avg((cpo_pgnodemx_cpucfs_quota_us{clusterid=\"[[cluster]]\",pod=\"[[pod]]\"}*100/cpo_pgnodemx_cpucfs_period_us{clusterid=\"[[cluster]]\",pod=\"[[pod]]\"})) without (instance,ip,role)/100",
          "format": "time_series",
          "hide": false,
          "interval": "",
          "intervalFactor": 1,
          "legendFormat": "Limit",
          "range": true,
          "refId": "D"
        }
      ],
      "title": "CPU usage",
      "type": "timeseries"
    },
    {
      "datasource": "PROMETHEUS",
      "fieldConfig": {
        "defaults": {
          "color": {
            "mode": "palette-classic"
          },
          "custom": {
            "axisCenteredZero": false,
            "axisColorMode": "text",
            "axisLabel": "",
            "axisPlacement": "auto",
            "barAlignment": 0,
            "drawStyle": "line",
            "fillOpacity": 0,
            "gradientMode": "none",
            "hideFrom": {
              "legend": false,
              "tooltip": false,
              "viz": false
            },
            "lineInterpolation": "linear",
            "lineWidth": 1,
            "pointSize": 5,
            "scaleDistribution": {
              "type": "linear"
            },
            "showPoints": "auto",
            "spanNulls": false,
            "stacking": {
              "group": "A",
              "mode": "none"
            },
            "thresholdsStyle": {
              "mode": "off"
            }
          },
          "mappings": [],
          "thresholds": {
            "mode": "absolute",
            "steps": [
              {
                "color": "green",
                "value": null
              },
              {
                "color": "red",
                "value": 80
              }
            ]
          }
        },
        "overrides": []
      },
      "gridPos": {
        "h": 8,
        "w": 12,
        "x": 12,
        "y": 5
      },
      "id": 20,
      "options": {
        "legend": {
          "calcs": [],
          "displayMode": "list",
          "placement": "bottom",
          "showLegend": true
        },
        "tooltip": {
          "mode": "single",
          "sort": "none"
        }
      },
      "targets": [
        {
          "datasource": "PROMETHEUS",
          "editorMode": "code",
          "expr": "avg((idelta(cpo_pgnodemx_cpustat_throttled_time{clusterid=\"[[cluster]]\",pod=\"[[pod]]\"}[30s])/1000000000)/idelta(cpo_pgnodemx_cpustat_snap_ts{clusterid=\"[[cluster]]\",pod=\"[[pod]]\"}[30s])*100) without (instance,ip,role)",
          "legendFormat": "__auto",
          "range": true,
          "refId": "A"
        }
      ],
      "title": "CPU-Throttle",
      "type": "timeseries"
    },
    {
      "datasource": "PROMETHEUS",
      "fieldConfig": {
        "defaults": {
          "color": {
            "mode": "palette-classic"
          },
          "custom": {
            "axisCenteredZero": false,
            "axisColorMode": "text",
            "axisLabel": "",
            "axisPlacement": "auto",
            "barAlignment": 0,
            "drawStyle": "line",
            "fillOpacity": 0,
            "gradientMode": "none",
            "hideFrom": {
              "legend": false,
              "tooltip": false,
              "viz": false
            },
            "lineInterpolation": "linear",
            "lineWidth": 1,
            "pointSize": 5,
            "scaleDistribution": {
              "type": "linear"
            },
            "showPoints": "auto",
            "spanNulls": false,
            "stacking": {
              "group": "A",
              "mode": "none"
            },
            "thresholdsStyle": {
              "mode": "off"
            }
          },
          "mappings": [],
          "max": 1,
          "min": 0,
          "thresholds": {
            "mode": "absolute",
            "steps": [
              {
                "color": "green",
                "value": null
              },
              {
                "color": "red",
                "value": 0.7
              },
              {
                "color": "#EAB839",
                "value": 70
              }
            ]
          },
          "unit": "percentunit"
        },
        "overrides": []
      },
      "gridPos": {
        "h": 8,
        "w": 12,
        "x": 0,
        "y": 13
      },
      "id": 2,
      "options": {
        "legend": {
          "calcs": [],
          "displayMode": "list",
          "placement": "bottom",
          "showLegend": true
        },
        "tooltip": {
          "mode": "single",
          "sort": "none"
        }
      },
      "targets": [
        {
          "datasource": "PROMETHEUS",
          "editorMode": "code",
          "expr": "avg((cpo_pgnodemx_data_disk_total_bytes{clusterid=\"[[cluster]]\",pod=~\"[[pod]]\"}-cpo_pgnodemx_data_disk_available_bytes{clusterid=\"[[cluster]]\",pod=~\"[[pod]]\"})/cpo_pgnodemx_data_disk_total_bytes{clusterid=\"[[cluster]]\",pod=~\"[[pod]]\"}) without (instance,ip,role)",
          "hide": false,
          "legendFormat": "__auto",
          "range": true,
          "refId": "B"
        }
      ],
      "title": "Storage-Usage",
      "type": "timeseries"
    },
    {
      "datasource": "PROMETHEUS",
      "fieldConfig": {
        "defaults": {
          "color": {
            "mode": "palette-classic"
          },
          "custom": {
            "axisCenteredZero": false,
            "axisColorMode": "text",
            "axisLabel": "",
            "axisPlacement": "auto",
            "barAlignment": 0,
            "drawStyle": "line",
            "fillOpacity": 10,
            "gradientMode": "none",
            "hideFrom": {
              "legend": false,
              "tooltip": false,
              "viz": false
            },
            "lineInterpolation": "linear",
            "lineWidth": 1,
            "pointSize": 5,
            "scaleDistribution": {
              "type": "linear"
            },
            "showPoints": "never",
            "spanNulls": false,
            "stacking": {
              "group": "A",
              "mode": "none"
            },
            "thresholdsStyle": {
              "mode": "off"
            }
          },
          "links": [],
          "mappings": [],
          "thresholds": {
            "mode": "absolute",
            "steps": [
              {
                "color": "green",
                "value": null
              },
              {
                "color": "red",
                "value": 80
              }
            ]
          },
          "unit": "Bps"
        },
        "overrides": [
          {
            "matcher": {
              "id": "byRegexp",
              "options": "/Reads/"
            },
            "properties": [
              {
                "id": "custom.transform",
                "value": "negative-Y"
              }
            ]
          }
        ]
      },
      "gridPos": {
        "h": 8,
        "w": 12,
        "x": 12,
        "y": 13
      },
      "id": 8,
      "links": [],
      "options": {
        "legend": {
          "calcs": [],
          "displayMode": "list",
          "placement": "bottom",
          "showLegend": true
        },
        "tooltip": {
          "mode": "multi",
          "sort": "none"
        }
      },
      "pluginVersion": "9.3.2",
      "targets": [
        {
          "datasource": "PROMETHEUS",
          "editorMode": "code",
          "expr": "avg(rate(cpo_pgnodemx_disk_activities_sectors_read{clusterid=\"[[cluster]]\",pod=\"[[pod]]\"}[1m])*512) without(instance,ip,role)",
          "format": "time_series",
          "interval": "",
          "intervalFactor": 1,
          "legendFormat": "{{mount_point}} - Reads",
          "range": true,
          "refId": "A"
        },
        {
          "datasource": "PROMETHEUS",
          "editorMode": "code",
          "expr": "avg(rate(cpo_pgnodemx_disk_activities_sectors_written{clusterid=\"[[cluster]]\",pod=\"[[pod]]\"}[1m])*512) without(instance,ip,role)",
          "format": "time_series",
          "interval": "",
          "intervalFactor": 1,
          "legendFormat": "{{mount_point}} - Writes ",
          "range": true,
          "refId": "B"
        }
      ],
      "title": "Disk Activity",
      "type": "timeseries"
    },
    {
      "aliasColors": {
        "Inactive anon": "super-light-purple",
        "Limit": "red",
        "Request": "green"
      },
      "bars": false,
      "dashLength": 10,
      "dashes": false,
      "datasource": "PROMETHEUS",
      "fieldConfig": {
        "defaults": {
          "links": []
        },
        "overrides": []
      },
      "fill": 1,
      "fillGradient": 0,
      "gridPos": {
        "h": 8,
        "w": 12,
        "x": 0,
        "y": 21
      },
      "hiddenSeries": false,
      "id": 6,
      "legend": {
        "alignAsTable": true,
        "avg": false,
        "current": false,
        "max": false,
        "min": false,
        "rightSide": true,
        "show": true,
        "sideWidth": 150,
        "total": false,
        "values": false
      },
      "lines": true,
      "linewidth": 1,
      "links": [],
      "nullPointMode": "null",
      "options": {
        "alertThreshold": true
      },
      "percentage": false,
      "pluginVersion": "9.3.2",
      "pointradius": 5,
      "points": false,
      "renderer": "flot",
      "seriesOverrides": [],
      "spaceLength": 10,
      "stack": false,
      "steppedLine": false,
      "targets": [
        {
          "datasource": "PROMETHEUS",
          "editorMode": "code",
          "expr": "avg(cpo_pgnodemx_mem_cache{clusterid=\"[[cluster]]\",pod=\"[[pod]]\"}) without (instance,ip,role)",
          "format": "time_series",
          "interval": "",
          "intervalFactor": 1,
          "legendFormat": "Cached",
          "range": true,
          "refId": "C"
        },
        {
          "datasource": "PROMETHEUS",
          "editorMode": "code",
          "expr": "avg(cpo_pgnodemx_mem_dirty{clusterid=\"[[cluster]]\",pod=\"[[pod]]\"}) without (instance,ip,role)",
          "format": "time_series",
          "interval": "",
          "intervalFactor": 1,
          "legendFormat": "Dirty",
          "range": true,
          "refId": "D"
        },
        {
          "datasource": "PROMETHEUS",
          "editorMode": "code",
          "expr": "avg(cpo_pgnodemx_mem_shmem{clusterid=\"[[cluster]]\",pod=\"[[pod]]\"}) without (instance,ip,role)",
          "format": "time_series",
          "interval": "",
          "intervalFactor": 1,
          "legendFormat": "shared mem",
          "range": true,
          "refId": "E"
        },
        {
          "datasource": "PROMETHEUS",
          "editorMode": "code",
          "expr": "avg(cpo_pgnodemx_mem_rss{clusterid=\"[[cluster]]\",pod=\"[[pod]]\"}) without (instance,ip,role)",
          "format": "time_series",
          "interval": "",
          "intervalFactor": 1,
          "legendFormat": "RSS",
          "range": true,
          "refId": "F"
        },
        {
          "datasource": "PROMETHEUS",
          "editorMode": "code",
          "expr": "avg(cpo_pgnodemx_mem_mapped_file{clusterid=\"[[cluster]]\",pod=\"[[pod]]\"}) without (instance,ip,role)",
          "format": "time_series",
          "interval": "",
          "intervalFactor": 1,
          "legendFormat": "Mapped file",
          "range": true,
          "refId": "G"
        },
        {
          "datasource": "PROMETHEUS",
          "editorMode": "code",
          "expr": "avg(cpo_pgnodemx_mem_kmem_usage_in_bytes{clusterid=\"[[cluster]]\",pod=\"[[pod]]\"}) without (instance,ip,role)",
          "format": "time_series",
          "interval": "",
          "intervalFactor": 1,
          "legendFormat": "kmem",
          "range": true,
          "refId": "H"
        },
        {
          "datasource": "PROMETHEUS",
          "editorMode": "code",
          "expr": "avg(cpo_pgnodemx_mem_inactive_anon{clusterid=\"[[cluster]]\",pod=\"[[pod]]\"}) without (instance,ip,role)",
          "format": "time_series",
          "interval": "",
          "intervalFactor": 1,
          "legendFormat": "Inactive anon",
          "range": true,
          "refId": "I"
        },
        {
          "datasource": "PROMETHEUS",
          "editorMode": "code",
          "expr": "avg(cpo_pgnodemx_mem_active_file{clusterid=\"[[cluster]]\",pod=\"[[pod]]\"}) without (instance,ip,role)",
          "format": "time_series",
          "interval": "",
          "intervalFactor": 1,
          "legendFormat": "Active file",
          "range": true,
          "refId": "J"
        },
        {
          "datasource": "PROMETHEUS",
          "editorMode": "code",
          "expr": "avg(cpo_pgnodemx_mem_inactive_file{clusterid=\"[[cluster]]\",pod=\"[[pod]]\"}) without (instance,ip,role)",
          "format": "time_series",
          "interval": "",
          "intervalFactor": 1,
          "legendFormat": "Inactive file",
          "range": true,
          "refId": "K"
        }
      ],
      "thresholds": [],
      "timeRegions": [],
      "title": "Memory Breakdown",
      "tooltip": {
        "shared": true,
        "sort": 0,
        "value_type": "individual"
      },
      "type": "graph",
      "xaxis": {
        "mode": "time",
        "show": true,
        "values": []
      },
      "yaxes": [
        {
          "format": "bytes",
          "logBase": 1,
          "show": true
        },
        {
          "format": "short",
          "logBase": 1,
          "show": false
        }
      ],
      "yaxis": {
        "align": false
      }
    },
    {
      "datasource": "PROMETHEUS",
      "fieldConfig": {
        "defaults": {
          "color": {
            "mode": "palette-classic"
          },
          "custom": {
            "axisCenteredZero": false,
            "axisColorMode": "text",
            "axisLabel": "",
            "axisPlacement": "auto",
            "barAlignment": 0,
            "drawStyle": "line",
            "fillOpacity": 0,
            "gradientMode": "none",
            "hideFrom": {
              "legend": false,
              "tooltip": false,
              "viz": false
            },
            "lineInterpolation": "linear",
            "lineWidth": 1,
            "pointSize": 5,
            "scaleDistribution": {
              "type": "linear"
            },
            "showPoints": "never",
            "spanNulls": false,
            "stacking": {
              "group": "A",
              "mode": "none"
            },
            "thresholdsStyle": {
              "mode": "off"
            }
          },
          "links": [],
          "mappings": [],
          "thresholds": {
            "mode": "absolute",
            "steps": [
              {
                "color": "green",
                "value": null
              },
              {
                "color": "red",
                "value": 80
              }
            ]
          },
          "unit": "bytes"
        },
        "overrides": [
          {
            "matcher": {
              "id": "byName",
              "options": "Inactive anon"
            },
            "properties": [
              {
                "id": "color",
                "value": {
                  "fixedColor": "super-light-purple",
                  "mode": "fixed"
                }
              }
            ]
          },
          {
            "matcher": {
              "id": "byName",
              "options": "Limit"
            },
            "properties": [
              {
                "id": "color",
                "value": {
                  "fixedColor": "red",
                  "mode": "fixed"
                }
              }
            ]
          },
          {
            "matcher": {
              "id": "byName",
              "options": "Mem free"
            },
            "properties": [
              {
                "id": "color",
                "value": {
                  "fixedColor": "green",
                  "mode": "fixed"
                }
              }
            ]
          },
          {
            "matcher": {
              "id": "byName",
              "options": "Request"
            },
            "properties": [
              {
                "id": "color",
                "value": {
                  "fixedColor": "blue",
                  "mode": "fixed"
                }
              }
            ]
          },
          {
            "matcher": {
              "id": "byName",
              "options": "Limit"
            },
            "properties": [
              {
                "id": "custom.lineStyle",
                "value": {
                  "dash": [
                    10,
                    10
                  ],
                  "fill": "dash"
                }
              }
            ]
          },
          {
            "matcher": {
              "id": "byName",
              "options": "Request"
            },
            "properties": [
              {
                "id": "custom.lineStyle",
                "value": {
                  "dash": [
                    10,
                    10
                  ],
                  "fill": "dash"
                }
              }
            ]
          }
        ]
      },
      "gridPos": {
        "h": 8,
        "w": 12,
        "x": 12,
        "y": 21
      },
      "id": 12,
      "links": [],
      "options": {
        "legend": {
          "calcs": [],
          "displayMode": "list",
          "placement": "bottom",
          "showLegend": true
        },
        "tooltip": {
          "mode": "multi",
          "sort": "none"
        }
      },
      "pluginVersion": "9.3.2",
      "targets": [
        {
          "datasource": "PROMETHEUS",
          "editorMode": "code",
          "expr": "avg(cpo_pgnodemx_mem_limit{clusterid=\"[[cluster]]\",pod=\"[[pod]]\"}) without (instance,ip,role)",
          "format": "time_series",
          "interval": "",
          "intervalFactor": 1,
          "legendFormat": "Limit",
          "range": true,
          "refId": "A"
        },
        {
          "datasource": "PROMETHEUS",
          "editorMode": "code",
          "expr": "avg(cpo_pgnodemx_mem_request{clusterid=\"[[cluster]]\",pod=\"[[pod]]\"}) without (instance,ip,role)",
          "format": "time_series",
          "interval": "",
          "intervalFactor": 1,
          "legendFormat": "Request",
          "range": true,
          "refId": "B"
        },
        {
          "datasource": "PROMETHEUS",
          "editorMode": "code",
          "expr": "avg(cpo_pgnodemx_mem_usage_in_bytes{clusterid=\"[[cluster]]\",pod=\"[[pod]]\"}) without (instance,ip,role)",
          "format": "time_series",
          "interval": "",
          "intervalFactor": 1,
          "legendFormat": "Usage",
          "range": true,
          "refId": "J"
        },
        {
          "datasource": "PROMETHEUS",
          "editorMode": "code",
          "expr": "avg(clamp_min((cpo_pgnodemx_mem_limit{clusterid=\"[[cluster]]\",pod=\"[[pod]]\"} - cpo_pgnodemx_mem_usage_in_bytes{clusterid=\"[[cluster]]\",pod=\"[[pod]]\"}),0)) without (instance,ip,role)",
          "format": "time_series",
          "hide": false,
          "interval": "",
          "intervalFactor": 1,
          "legendFormat": "Free",
          "range": true,
          "refId": "D"
        }
      ],
      "title": "Memory",
      "type": "timeseries"
    },
    {
      "datasource": "PROMETHEUS",
      "fieldConfig": {
        "defaults": {
          "color": {
            "mode": "palette-classic"
          },
          "custom": {
            "axisCenteredZero": false,
            "axisColorMode": "text",
            "axisLabel": "",
            "axisPlacement": "auto",
            "barAlignment": 0,
            "drawStyle": "line",
            "fillOpacity": 0,
            "gradientMode": "none",
            "hideFrom": {
              "legend": false,
              "tooltip": false,
              "viz": false
            },
            "lineInterpolation": "linear",
            "lineWidth": 1,
            "pointSize": 5,
            "scaleDistribution": {
              "type": "linear"
            },
            "showPoints": "auto",
            "spanNulls": false,
            "stacking": {
              "group": "A",
              "mode": "none"
            },
            "thresholdsStyle": {
              "mode": "off"
            }
          },
          "mappings": [],
          "noValue": "Pod may Primary?",
          "thresholds": {
            "mode": "absolute",
            "steps": [
              {
                "color": "green",
                "value": null
              },
              {
                "color": "yellow",
                "value": 536870912
              },
              {
                "color": "#EAB839",
                "value": 805306368
              },
              {
                "color": "red",
                "value": 1073741824
              }
            ]
          },
          "unit": "bytes"
        },
        "overrides": []
      },
      "gridPos": {
        "h": 8,
        "w": 24,
        "x": 0,
        "y": 29
      },
      "id": 4,
      "options": {
        "legend": {
          "calcs": [],
          "displayMode": "table",
          "placement": "right",
          "showLegend": true,
          "width": 150
        },
        "tooltip": {
          "mode": "single",
          "sort": "none"
        }
      },
      "targets": [
        {
          "datasource": "PROMETHEUS",
          "editorMode": "code",
          "expr": "pg_stat_replication_pg_wal_lsn_diff{clusterid=\"[[cluster]]\",application_name=~\"[[pod]]\"}",
          "interval": "",
          "legendFormat": "{{pod}}",
          "range": true,
          "refId": "A"
        }
      ],
      "title": "Replication Lag",
      "type": "timeseries"
    }
  ],
  "refresh": "5s",
  "schemaVersion": 37,
  "style": "dark",
  "tags": [],
  "templating": {
    "list": [
      {
        "current": {
          "selected": true,
          "text": "cpo:cluster-2",
          "value": "cpo:cluster-2"
        },
        "datasource": {
          "type": "prometheus",
          "uid": "PDC1078F23EBDF0E5"
        },
        "definition": "label_values(clusterid)",
        "description": "",
        "hide": 0,
        "includeAll": false,
        "label": "cluster",
        "multi": false,
        "name": "cluster",
        "options": [],
        "query": {
          "query": "label_values(clusterid)",
          "refId": "StandardVariableQuery"
        },
        "refresh": 1,
        "regex": "",
        "skipUrlSync": false,
        "sort": 0,
        "type": "query"
      },
      {
        "current": {
          "selected": false,
          "text": "cluster-2-0",
          "value": "cluster-2-0"
        },
        "datasource": {
          "type": "prometheus",
          "uid": "PDC1078F23EBDF0E5"
        },
        "definition": "label_values({clusterid=\"[[cluster]]\"},pod)",
        "hide": 0,
        "includeAll": false,
        "label": "pod",
        "multi": false,
        "name": "pod",
        "options": [],
        "query": {
          "query": "label_values({clusterid=\"[[cluster]]\"},pod)",
          "refId": "StandardVariableQuery"
        },
        "refresh": 1,
        "regex": "",
        "skipUrlSync": false,
        "sort": 0,
        "type": "query"
      }
    ]
  },
  "time": {
    "from": "now-30m",
    "to": "now"
  },
  "timepicker": {},
  "timezone": "",
  "title": "Pod-Informations",
  "uid": "OgN1RgT4z",
  "version": 1,
  "weekStart": ""
}